--------------------------------------------------------
--  File created - Wednesday-January-28-2026   
--------------------------------------------------------
--------------------------------------------------------
--  DDL for Table BILL
--------------------------------------------------------

  CREATE TABLE "HOMESTAY"."BILL" 
   (	"BILLNO" VARCHAR2(10 BYTE), 
	"BILL_DATE" DATE, 
	"BILL_SUBTOTAL" NUMBER(10,2), 
	"DISC_AMOUNT" NUMBER(10,2), 
	"TAX_AMOUNT" NUMBER(10,2), 
	"TOTAL_AMOUNT" NUMBER(10,2), 
	"LATE_CHARGES" NUMBER(10,2), 
	"BILL_STATUS" VARCHAR2(20 BYTE), 
	"PAYMENT_DATE" DATE, 
	"PAYMENT_METHOD" VARCHAR2(50 BYTE), 
	"GUESTID" VARCHAR2(10 BYTE), 
	"STAFFID" VARCHAR2(10 BYTE)
   ) SEGMENT CREATION IMMEDIATE 
  PCTFREE 10 PCTUSED 40 INITRANS 1 MAXTRANS 255 
 NOCOMPRESS LOGGING
  STORAGE(INITIAL 65536 NEXT 1048576 MINEXTENTS 1 MAXEXTENTS 2147483645
  PCTINCREASE 0 FREELISTS 1 FREELIST GROUPS 1
  BUFFER_POOL DEFAULT FLASH_CACHE DEFAULT CELL_FLASH_CACHE DEFAULT)
  TABLESPACE "USERS" ;
--------------------------------------------------------
--  DDL for Table BOOKING
--------------------------------------------------------

  CREATE TABLE "HOMESTAY"."BOOKING" 
   (	"BOOKINGID" VARCHAR2(10 BYTE), 
	"CHECKIN_DATE" DATE, 
	"CHECKOUT_DATE" DATE, 
	"NUM_ADULTS" NUMBER(5,0), 
	"NUM_CHILDREN" NUMBER(5,0), 
	"DEPOSIT_AMOUNT" NUMBER(10,2), 
	"HOMESTAYID" VARCHAR2(10 BYTE), 
	"GUESTID" VARCHAR2(10 BYTE), 
	"STAFFID" VARCHAR2(10 BYTE), 
	"BILLNO" VARCHAR2(10 BYTE)
   ) SEGMENT CREATION IMMEDIATE 
  PCTFREE 10 PCTUSED 40 INITRANS 1 MAXTRANS 255 
 NOCOMPRESS LOGGING
  STORAGE(INITIAL 65536 NEXT 1048576 MINEXTENTS 1 MAXEXTENTS 2147483645
  PCTINCREASE 0 FREELISTS 1 FREELIST GROUPS 1
  BUFFER_POOL DEFAULT FLASH_CACHE DEFAULT CELL_FLASH_CACHE DEFAULT)
  TABLESPACE "USERS" ;
--------------------------------------------------------
--  DDL for Table FULL_TIME
--------------------------------------------------------

  CREATE TABLE "HOMESTAY"."FULL_TIME" 
   (	"STAFFID" VARCHAR2(10 BYTE), 
	"FULL_TIME_SALARY" NUMBER(10,2), 
	"VACATION_DAYS" NUMBER(5,0), 
	"BONUS" NUMBER(10,2)
   ) SEGMENT CREATION IMMEDIATE 
  PCTFREE 10 PCTUSED 40 INITRANS 1 MAXTRANS 255 
 NOCOMPRESS LOGGING
  STORAGE(INITIAL 65536 NEXT 1048576 MINEXTENTS 1 MAXEXTENTS 2147483645
  PCTINCREASE 0 FREELISTS 1 FREELIST GROUPS 1
  BUFFER_POOL DEFAULT FLASH_CACHE DEFAULT CELL_FLASH_CACHE DEFAULT)
  TABLESPACE "USERS" ;
--------------------------------------------------------
--  DDL for Table GUEST
--------------------------------------------------------

  CREATE TABLE "HOMESTAY"."GUEST" 
   (	"GUESTID" VARCHAR2(10 BYTE), 
	"GUEST_NAME" VARCHAR2(100 BYTE), 
	"GUEST_PHONENO" VARCHAR2(20 BYTE), 
	"GUEST_GENDER" VARCHAR2(10 BYTE), 
	"GUEST_EMAIL" VARCHAR2(100 BYTE), 
	"GUEST_ADDRESS" VARCHAR2(200 BYTE), 
	"GUEST_TYPE" VARCHAR2(20 BYTE), 
	"GUEST_PASSWORD" VARCHAR2(100 BYTE)
   ) SEGMENT CREATION IMMEDIATE 
  PCTFREE 10 PCTUSED 40 INITRANS 1 MAXTRANS 255 
 NOCOMPRESS LOGGING
  STORAGE(INITIAL 65536 NEXT 1048576 MINEXTENTS 1 MAXEXTENTS 2147483645
  PCTINCREASE 0 FREELISTS 1 FREELIST GROUPS 1
  BUFFER_POOL DEFAULT FLASH_CACHE DEFAULT CELL_FLASH_CACHE DEFAULT)
  TABLESPACE "USERS" ;
--------------------------------------------------------
--  DDL for Table HOMESTAY
--------------------------------------------------------

  CREATE TABLE "HOMESTAY"."HOMESTAY" 
   (	"HOMESTAYID" VARCHAR2(10 BYTE), 
	"HOMESTAY_NAME" VARCHAR2(100 BYTE), 
	"HOMESTAY_ADDRESS" VARCHAR2(200 BYTE), 
	"OFFICE_PHONENO" VARCHAR2(20 BYTE), 
	"RENT_PRICE" NUMBER(10,2), 
	"STAFFID" VARCHAR2(10 BYTE)
   ) SEGMENT CREATION IMMEDIATE 
  PCTFREE 10 PCTUSED 40 INITRANS 1 MAXTRANS 255 
 NOCOMPRESS LOGGING
  STORAGE(INITIAL 65536 NEXT 1048576 MINEXTENTS 1 MAXEXTENTS 2147483645
  PCTINCREASE 0 FREELISTS 1 FREELIST GROUPS 1
  BUFFER_POOL DEFAULT FLASH_CACHE DEFAULT CELL_FLASH_CACHE DEFAULT)
  TABLESPACE "USERS" ;
--------------------------------------------------------
--  DDL for Table HOMESTAY_SERVICE
--------------------------------------------------------

  CREATE TABLE "HOMESTAY"."HOMESTAY_SERVICE" 
   (	"HOMESTAYID" VARCHAR2(10 BYTE), 
	"SERVICEID" VARCHAR2(10 BYTE), 
	"MAIN_DATE" DATE, 
	"MAIN_STATUS" VARCHAR2(20 BYTE)
   ) SEGMENT CREATION IMMEDIATE 
  PCTFREE 10 PCTUSED 40 INITRANS 1 MAXTRANS 255 
 NOCOMPRESS LOGGING
  STORAGE(INITIAL 65536 NEXT 1048576 MINEXTENTS 1 MAXEXTENTS 2147483645
  PCTINCREASE 0 FREELISTS 1 FREELIST GROUPS 1
  BUFFER_POOL DEFAULT FLASH_CACHE DEFAULT CELL_FLASH_CACHE DEFAULT)
  TABLESPACE "USERS" ;
--------------------------------------------------------
--  DDL for Table MEMBERSHIP
--------------------------------------------------------

  CREATE TABLE "HOMESTAY"."MEMBERSHIP" 
   (	"MEMBERSHIPID" VARCHAR2(10 BYTE), 
	"GUESTID" VARCHAR2(10 BYTE), 
	"DISC_RATE" NUMBER(5,2)
   ) SEGMENT CREATION IMMEDIATE 
  PCTFREE 10 PCTUSED 40 INITRANS 1 MAXTRANS 255 
 NOCOMPRESS LOGGING
  STORAGE(INITIAL 65536 NEXT 1048576 MINEXTENTS 1 MAXEXTENTS 2147483645
  PCTINCREASE 0 FREELISTS 1 FREELIST GROUPS 1
  BUFFER_POOL DEFAULT FLASH_CACHE DEFAULT CELL_FLASH_CACHE DEFAULT)
  TABLESPACE "USERS" ;
--------------------------------------------------------
--  DDL for Table PART_TIME
--------------------------------------------------------

  CREATE TABLE "HOMESTAY"."PART_TIME" 
   (	"STAFFID" VARCHAR2(10 BYTE), 
	"HOURLY_RATE" NUMBER(10,2), 
	"SHIFT_TIME" VARCHAR2(50 BYTE)
   ) SEGMENT CREATION IMMEDIATE 
  PCTFREE 10 PCTUSED 40 INITRANS 1 MAXTRANS 255 
 NOCOMPRESS LOGGING
  STORAGE(INITIAL 65536 NEXT 1048576 MINEXTENTS 1 MAXEXTENTS 2147483645
  PCTINCREASE 0 FREELISTS 1 FREELIST GROUPS 1
  BUFFER_POOL DEFAULT FLASH_CACHE DEFAULT CELL_FLASH_CACHE DEFAULT)
  TABLESPACE "USERS" ;
--------------------------------------------------------
--  DDL for Table SERVICE
--------------------------------------------------------

  CREATE TABLE "HOMESTAY"."SERVICE" 
   (	"SERVICEID" VARCHAR2(10 BYTE), 
	"SERVICE_TYPE" VARCHAR2(50 BYTE), 
	"SERVICE_COST" NUMBER(10,2), 
	"SERVICE_REMARK" VARCHAR2(200 BYTE), 
	"STAFFID" VARCHAR2(10 BYTE)
   ) SEGMENT CREATION IMMEDIATE 
  PCTFREE 10 PCTUSED 40 INITRANS 1 MAXTRANS 255 
 NOCOMPRESS LOGGING
  STORAGE(INITIAL 65536 NEXT 1048576 MINEXTENTS 1 MAXEXTENTS 2147483645
  PCTINCREASE 0 FREELISTS 1 FREELIST GROUPS 1
  BUFFER_POOL DEFAULT FLASH_CACHE DEFAULT CELL_FLASH_CACHE DEFAULT)
  TABLESPACE "USERS" ;
--------------------------------------------------------
--  DDL for Table STAFF
--------------------------------------------------------

  CREATE TABLE "HOMESTAY"."STAFF" 
   (	"STAFFID" VARCHAR2(10 BYTE), 
	"STAFF_NAME" VARCHAR2(100 BYTE), 
	"STAFF_PHONENO" VARCHAR2(20 BYTE), 
	"STAFF_EMAIL" VARCHAR2(100 BYTE), 
	"STAFF_PASSWORD" VARCHAR2(100 BYTE), 
	"STAFF_TYPE" VARCHAR2(20 BYTE), 
	"MANAGERID" VARCHAR2(10 BYTE)
   ) SEGMENT CREATION IMMEDIATE 
  PCTFREE 10 PCTUSED 40 INITRANS 1 MAXTRANS 255 
 NOCOMPRESS LOGGING
  STORAGE(INITIAL 65536 NEXT 1048576 MINEXTENTS 1 MAXEXTENTS 2147483645
  PCTINCREASE 0 FREELISTS 1 FREELIST GROUPS 1
  BUFFER_POOL DEFAULT FLASH_CACHE DEFAULT CELL_FLASH_CACHE DEFAULT)
  TABLESPACE "USERS" ;
REM INSERTING into HOMESTAY.BILL
SET DEFINE OFF;
Insert into HOMESTAY.BILL (BILLNO,BILL_DATE,BILL_SUBTOTAL,DISC_AMOUNT,TAX_AMOUNT,TOTAL_AMOUNT,LATE_CHARGES,BILL_STATUS,PAYMENT_DATE,PAYMENT_METHOD,GUESTID,STAFFID) values ('BL1001',to_date('16-JAN-23','DD-MON-RR'),3300,0,264,3564,0,'Paid',to_date('16-JAN-23','DD-MON-RR'),'Credit/Debit Card','GST001','STA02');
Insert into HOMESTAY.BILL (BILLNO,BILL_DATE,BILL_SUBTOTAL,DISC_AMOUNT,TAX_AMOUNT,TOTAL_AMOUNT,LATE_CHARGES,BILL_STATUS,PAYMENT_DATE,PAYMENT_METHOD,GUESTID,STAFFID) values ('BL1002',to_date('25-JAN-23','DD-MON-RR'),2500,250,180,2430,0,'Paid',to_date('25-JAN-23','DD-MON-RR'),'QR Payment','GST002','STA01');
Insert into HOMESTAY.BILL (BILLNO,BILL_DATE,BILL_SUBTOTAL,DISC_AMOUNT,TAX_AMOUNT,TOTAL_AMOUNT,LATE_CHARGES,BILL_STATUS,PAYMENT_DATE,PAYMENT_METHOD,GUESTID,STAFFID) values ('BL1003',to_date('10-FEB-23','DD-MON-RR'),4500,450,342,4374,0,'Paid',to_date('10-FEB-23','DD-MON-RR'),'Credit/Debit Card','GST003','STA06');
Insert into HOMESTAY.BILL (BILLNO,BILL_DATE,BILL_SUBTOTAL,DISC_AMOUNT,TAX_AMOUNT,TOTAL_AMOUNT,LATE_CHARGES,BILL_STATUS,PAYMENT_DATE,PAYMENT_METHOD,GUESTID,STAFFID) values ('BL1004',to_date('13-FEB-23','DD-MON-RR'),1650,0,132,1782,0,'Paid',to_date('13-FEB-23','DD-MON-RR'),'QR Payment','GST001','STA02');
Insert into HOMESTAY.BILL (BILLNO,BILL_DATE,BILL_SUBTOTAL,DISC_AMOUNT,TAX_AMOUNT,TOTAL_AMOUNT,LATE_CHARGES,BILL_STATUS,PAYMENT_DATE,PAYMENT_METHOD,GUESTID,STAFFID) values ('BL1005',to_date('24-FEB-23','DD-MON-RR'),1800,0,144,1944,0,'Paid',to_date('24-FEB-23','DD-MON-RR'),'Credit/Debit Card','GST004','STA12');
Insert into HOMESTAY.BILL (BILLNO,BILL_DATE,BILL_SUBTOTAL,DISC_AMOUNT,TAX_AMOUNT,TOTAL_AMOUNT,LATE_CHARGES,BILL_STATUS,PAYMENT_DATE,PAYMENT_METHOD,GUESTID,STAFFID) values ('BL1006',to_date('11-MAR-23','DD-MON-RR'),8000,800,576,7776,0,'Paid',to_date('11-MAR-23','DD-MON-RR'),'QR Payment','GST005','STA05');
Insert into HOMESTAY.BILL (BILLNO,BILL_DATE,BILL_SUBTOTAL,DISC_AMOUNT,TAX_AMOUNT,TOTAL_AMOUNT,LATE_CHARGES,BILL_STATUS,PAYMENT_DATE,PAYMENT_METHOD,GUESTID,STAFFID) values ('BL1007',to_date('16-MAR-23','DD-MON-RR'),1800,180,129.6,1749.6,0,'Paid',to_date('16-MAR-23','DD-MON-RR'),'Credit/Debit Card','GST002','STA01');
Insert into HOMESTAY.BILL (BILLNO,BILL_DATE,BILL_SUBTOTAL,DISC_AMOUNT,TAX_AMOUNT,TOTAL_AMOUNT,LATE_CHARGES,BILL_STATUS,PAYMENT_DATE,PAYMENT_METHOD,GUESTID,STAFFID) values ('BL1008',to_date('28-MAR-23','DD-MON-RR'),3200,0,256,3456,0,'Paid',to_date('28-MAR-23','DD-MON-RR'),'QR Payment','GST006','STA01');
Insert into HOMESTAY.BILL (BILLNO,BILL_DATE,BILL_SUBTOTAL,DISC_AMOUNT,TAX_AMOUNT,TOTAL_AMOUNT,LATE_CHARGES,BILL_STATUS,PAYMENT_DATE,PAYMENT_METHOD,GUESTID,STAFFID) values ('BL1009',to_date('06-APR-23','DD-MON-RR'),2750,0,220,2970,0,'Paid',to_date('06-APR-23','DD-MON-RR'),'Credit/Debit Card','GST007','STA09');
Insert into HOMESTAY.BILL (BILLNO,BILL_DATE,BILL_SUBTOTAL,DISC_AMOUNT,TAX_AMOUNT,TOTAL_AMOUNT,LATE_CHARGES,BILL_STATUS,PAYMENT_DATE,PAYMENT_METHOD,GUESTID,STAFFID) values ('BL1010',to_date('14-APR-23','DD-MON-RR'),6800,2040,380.8,5140.8,0,'Paid',to_date('14-APR-23','DD-MON-RR'),'QR Payment','GST003','STA06');
Insert into HOMESTAY.BILL (BILLNO,BILL_DATE,BILL_SUBTOTAL,DISC_AMOUNT,TAX_AMOUNT,TOTAL_AMOUNT,LATE_CHARGES,BILL_STATUS,PAYMENT_DATE,PAYMENT_METHOD,GUESTID,STAFFID) values ('BL1011',to_date('24-APR-23','DD-MON-RR'),6800,2040,380.8,5140.8,0,'Paid',to_date('24-APR-23','DD-MON-RR'),'Credit/Debit Card','GST005','STA05');
Insert into HOMESTAY.BILL (BILLNO,BILL_DATE,BILL_SUBTOTAL,DISC_AMOUNT,TAX_AMOUNT,TOTAL_AMOUNT,LATE_CHARGES,BILL_STATUS,PAYMENT_DATE,PAYMENT_METHOD,GUESTID,STAFFID) values ('BL1012',to_date('22-APR-23','DD-MON-RR'),3500,0,280,3780,0,'Paid',to_date('22-APR-23','DD-MON-RR'),'Credit/Debit Card','GST008','STA10');
Insert into HOMESTAY.BILL (BILLNO,BILL_DATE,BILL_SUBTOTAL,DISC_AMOUNT,TAX_AMOUNT,TOTAL_AMOUNT,LATE_CHARGES,BILL_STATUS,PAYMENT_DATE,PAYMENT_METHOD,GUESTID,STAFFID) values ('BL1013',to_date('02-MAY-23','DD-MON-RR'),3500,0,350,3950,100,'Paid',to_date('02-MAY-23','DD-MON-RR'),'QR Payment','GST009','STA01');
Insert into HOMESTAY.BILL (BILLNO,BILL_DATE,BILL_SUBTOTAL,DISC_AMOUNT,TAX_AMOUNT,TOTAL_AMOUNT,LATE_CHARGES,BILL_STATUS,PAYMENT_DATE,PAYMENT_METHOD,GUESTID,STAFFID) values ('BL1014',to_date('11-MAY-23','DD-MON-RR'),5300,530,381.6,5151.6,0,'Paid',to_date('11-MAY-23','DD-MON-RR'),'Credit/Debit Card','GST010','STA11');
Insert into HOMESTAY.BILL (BILLNO,BILL_DATE,BILL_SUBTOTAL,DISC_AMOUNT,TAX_AMOUNT,TOTAL_AMOUNT,LATE_CHARGES,BILL_STATUS,PAYMENT_DATE,PAYMENT_METHOD,GUESTID,STAFFID) values ('BL1015',to_date('23-MAY-23','DD-MON-RR'),3600,720,310.4,3190.4,0,'Paid',to_date('23-MAY-23','DD-MON-RR'),'QR Payment','GST012','STA05');
Insert into HOMESTAY.BILL (BILLNO,BILL_DATE,BILL_SUBTOTAL,DISC_AMOUNT,TAX_AMOUNT,TOTAL_AMOUNT,LATE_CHARGES,BILL_STATUS,PAYMENT_DATE,PAYMENT_METHOD,GUESTID,STAFFID) values ('BL1016',to_date('04-JUN-23','DD-MON-RR'),15100,4530,1055.6,11625.6,0,'Paid',to_date('04-JUN-23','DD-MON-RR'),'Credit/Debit Card','GST011','STA12');
Insert into HOMESTAY.BILL (BILLNO,BILL_DATE,BILL_SUBTOTAL,DISC_AMOUNT,TAX_AMOUNT,TOTAL_AMOUNT,LATE_CHARGES,BILL_STATUS,PAYMENT_DATE,PAYMENT_METHOD,GUESTID,STAFFID) values ('BL1017',to_date('10-JUN-23','DD-MON-RR'),4400,0,352,4752,0,'Paid',to_date('10-JUN-23','DD-MON-RR'),'QR Payment','GST013','STA13');
Insert into HOMESTAY.BILL (BILLNO,BILL_DATE,BILL_SUBTOTAL,DISC_AMOUNT,TAX_AMOUNT,TOTAL_AMOUNT,LATE_CHARGES,BILL_STATUS,PAYMENT_DATE,PAYMENT_METHOD,GUESTID,STAFFID) values ('BL1018',to_date('21-JUN-23','DD-MON-RR'),4800,1440,268.8,3628.8,0,'Paid',to_date('21-JUN-23','DD-MON-RR'),'Credit/Debit Card','GST005','STA05');
Insert into HOMESTAY.BILL (BILLNO,BILL_DATE,BILL_SUBTOTAL,DISC_AMOUNT,TAX_AMOUNT,TOTAL_AMOUNT,LATE_CHARGES,BILL_STATUS,PAYMENT_DATE,PAYMENT_METHOD,GUESTID,STAFFID) values ('BL1019',to_date('01-JUL-23','DD-MON-RR'),2700,0,306,3006,0,'Paid',to_date('01-JUL-23','DD-MON-RR'),'QR Payment','GST014','STA15');
Insert into HOMESTAY.BILL (BILLNO,BILL_DATE,BILL_SUBTOTAL,DISC_AMOUNT,TAX_AMOUNT,TOTAL_AMOUNT,LATE_CHARGES,BILL_STATUS,PAYMENT_DATE,PAYMENT_METHOD,GUESTID,STAFFID) values ('BL1020',to_date('19-JUL-23','DD-MON-RR'),7100,710,631.2,7171.2,150,'Paid',to_date('19-JUL-23','DD-MON-RR'),'Credit/Debit Card','GST015','STA02');
Insert into HOMESTAY.BILL (BILLNO,BILL_DATE,BILL_SUBTOTAL,DISC_AMOUNT,TAX_AMOUNT,TOTAL_AMOUNT,LATE_CHARGES,BILL_STATUS,PAYMENT_DATE,PAYMENT_METHOD,GUESTID,STAFFID) values ('BL1021',to_date('25-JUL-23','DD-MON-RR'),5500,0,540,6040,0,'Paid',to_date('25-JUL-23','DD-MON-RR'),'QR Payment','GST016','STA16');
Insert into HOMESTAY.BILL (BILLNO,BILL_DATE,BILL_SUBTOTAL,DISC_AMOUNT,TAX_AMOUNT,TOTAL_AMOUNT,LATE_CHARGES,BILL_STATUS,PAYMENT_DATE,PAYMENT_METHOD,GUESTID,STAFFID) values ('BL1022',to_date('31-JUL-23','DD-MON-RR'),2400,240,172.8,2332.8,0,'Paid',to_date('31-JUL-23','DD-MON-RR'),'Credit/Debit Card','GST017','STA18');
Insert into HOMESTAY.BILL (BILLNO,BILL_DATE,BILL_SUBTOTAL,DISC_AMOUNT,TAX_AMOUNT,TOTAL_AMOUNT,LATE_CHARGES,BILL_STATUS,PAYMENT_DATE,PAYMENT_METHOD,GUESTID,STAFFID) values ('BL1023',to_date('26-AUG-23','DD-MON-RR'),8000,2400,650,6250,0,'Paid',to_date('26-AUG-23','DD-MON-RR'),'QR Payment','GST011','STA12');
Insert into HOMESTAY.BILL (BILLNO,BILL_DATE,BILL_SUBTOTAL,DISC_AMOUNT,TAX_AMOUNT,TOTAL_AMOUNT,LATE_CHARGES,BILL_STATUS,PAYMENT_DATE,PAYMENT_METHOD,GUESTID,STAFFID) values ('BL1024',to_date('04-OCT-23','DD-MON-RR'),3500,350,252,3402,0,'Paid',to_date('04-OCT-23','DD-MON-RR'),'Credit/Debit Card','GST002','STA01');
Insert into HOMESTAY.BILL (BILLNO,BILL_DATE,BILL_SUBTOTAL,DISC_AMOUNT,TAX_AMOUNT,TOTAL_AMOUNT,LATE_CHARGES,BILL_STATUS,PAYMENT_DATE,PAYMENT_METHOD,GUESTID,STAFFID) values ('BL1025',to_date('11-OCT-23','DD-MON-RR'),1900,0,152,2052,0,'Paid',to_date('11-OCT-23','DD-MON-RR'),'Credit/Debit Card','GST018','STA19');
Insert into HOMESTAY.BILL (BILLNO,BILL_DATE,BILL_SUBTOTAL,DISC_AMOUNT,TAX_AMOUNT,TOTAL_AMOUNT,LATE_CHARGES,BILL_STATUS,PAYMENT_DATE,PAYMENT_METHOD,GUESTID,STAFFID) values ('BL1026',to_date('19-OCT-23','DD-MON-RR'),2400,0,192,2592,0,'Paid',to_date('19-OCT-23','DD-MON-RR'),'QR Payment','GST019','STA20');
Insert into HOMESTAY.BILL (BILLNO,BILL_DATE,BILL_SUBTOTAL,DISC_AMOUNT,TAX_AMOUNT,TOTAL_AMOUNT,LATE_CHARGES,BILL_STATUS,PAYMENT_DATE,PAYMENT_METHOD,GUESTID,STAFFID) values ('BL1027',to_date('09-NOV-23','DD-MON-RR'),8600,2580,481.6,6501.6,0,'Paid',to_date('09-NOV-23','DD-MON-RR'),'Credit/Debit Card','GST020','STA03');
Insert into HOMESTAY.BILL (BILLNO,BILL_DATE,BILL_SUBTOTAL,DISC_AMOUNT,TAX_AMOUNT,TOTAL_AMOUNT,LATE_CHARGES,BILL_STATUS,PAYMENT_DATE,PAYMENT_METHOD,GUESTID,STAFFID) values ('BL1028',to_date('23-NOV-23','DD-MON-RR'),4350,0,348,4698,0,'Paid',to_date('23-NOV-23','DD-MON-RR'),'QR Payment','GST021','STA04');
Insert into HOMESTAY.BILL (BILLNO,BILL_DATE,BILL_SUBTOTAL,DISC_AMOUNT,TAX_AMOUNT,TOTAL_AMOUNT,LATE_CHARGES,BILL_STATUS,PAYMENT_DATE,PAYMENT_METHOD,GUESTID,STAFFID) values ('BL1029',to_date('26-OCT-23','DD-MON-RR'),900,90,64.8,874.8,0,'Paid',to_date('26-OCT-23','DD-MON-RR'),'Credit/Debit Card','GST022','STA05');
Insert into HOMESTAY.BILL (BILLNO,BILL_DATE,BILL_SUBTOTAL,DISC_AMOUNT,TAX_AMOUNT,TOTAL_AMOUNT,LATE_CHARGES,BILL_STATUS,PAYMENT_DATE,PAYMENT_METHOD,GUESTID,STAFFID) values ('BL1030',to_date('09-DEC-23','DD-MON-RR'),3600,0,288,3888,0,'Paid',to_date('09-DEC-23','DD-MON-RR'),'QR Payment','GST023','STA06');
Insert into HOMESTAY.BILL (BILLNO,BILL_DATE,BILL_SUBTOTAL,DISC_AMOUNT,TAX_AMOUNT,TOTAL_AMOUNT,LATE_CHARGES,BILL_STATUS,PAYMENT_DATE,PAYMENT_METHOD,GUESTID,STAFFID) values ('BL1031',to_date('14-DEC-23','DD-MON-RR'),10600,2120,678.4,9158.4,0,'Paid',to_date('14-DEC-23','DD-MON-RR'),'Credit/Debit Card','GST024','STA07');
Insert into HOMESTAY.BILL (BILLNO,BILL_DATE,BILL_SUBTOTAL,DISC_AMOUNT,TAX_AMOUNT,TOTAL_AMOUNT,LATE_CHARGES,BILL_STATUS,PAYMENT_DATE,PAYMENT_METHOD,GUESTID,STAFFID) values ('BL1032',to_date('30-OCT-23','DD-MON-RR'),1100,0,108,1208,0,'Paid',to_date('30-OCT-23','DD-MON-RR'),'QR Payment','GST025','STA08');
Insert into HOMESTAY.BILL (BILLNO,BILL_DATE,BILL_SUBTOTAL,DISC_AMOUNT,TAX_AMOUNT,TOTAL_AMOUNT,LATE_CHARGES,BILL_STATUS,PAYMENT_DATE,PAYMENT_METHOD,GUESTID,STAFFID) values ('BL1033',to_date('06-JAN-24','DD-MON-RR'),1800,180,129.6,1749.6,0,'Paid',to_date('06-JAN-24','DD-MON-RR'),'Credit/Debit Card','GST026','STA09');
Insert into HOMESTAY.BILL (BILLNO,BILL_DATE,BILL_SUBTOTAL,DISC_AMOUNT,TAX_AMOUNT,TOTAL_AMOUNT,LATE_CHARGES,BILL_STATUS,PAYMENT_DATE,PAYMENT_METHOD,GUESTID,STAFFID) values ('BL1034',to_date('15-JAN-24','DD-MON-RR'),2700,270,194.4,1119.2,50,'Paid',to_date('15-JAN-24','DD-MON-RR'),'QR Payment','GST027','STA10');
Insert into HOMESTAY.BILL (BILLNO,BILL_DATE,BILL_SUBTOTAL,DISC_AMOUNT,TAX_AMOUNT,TOTAL_AMOUNT,LATE_CHARGES,BILL_STATUS,PAYMENT_DATE,PAYMENT_METHOD,GUESTID,STAFFID) values ('BL1035',to_date('30-JAN-24','DD-MON-RR'),4850,970,310.4,4190.4,0,'Paid',to_date('30-JAN-24','DD-MON-RR'),'Credit/Debit Card','GST012','STA05');
Insert into HOMESTAY.BILL (BILLNO,BILL_DATE,BILL_SUBTOTAL,DISC_AMOUNT,TAX_AMOUNT,TOTAL_AMOUNT,LATE_CHARGES,BILL_STATUS,PAYMENT_DATE,PAYMENT_METHOD,GUESTID,STAFFID) values ('BL1036',to_date('02-JAN-24','DD-MON-RR'),3200,640,204.8,2764.8,0,'Paid',to_date('02-JAN-24','DD-MON-RR'),'QR Payment','GST028','STA11');
Insert into HOMESTAY.BILL (BILLNO,BILL_DATE,BILL_SUBTOTAL,DISC_AMOUNT,TAX_AMOUNT,TOTAL_AMOUNT,LATE_CHARGES,BILL_STATUS,PAYMENT_DATE,PAYMENT_METHOD,GUESTID,STAFFID) values ('BL1037',to_date('07-JAN-24','DD-MON-RR'),1650,0,132,1782,0,'Paid',to_date('07-JAN-24','DD-MON-RR'),'QR Payment','GST029','STA12');
Insert into HOMESTAY.BILL (BILLNO,BILL_DATE,BILL_SUBTOTAL,DISC_AMOUNT,TAX_AMOUNT,TOTAL_AMOUNT,LATE_CHARGES,BILL_STATUS,PAYMENT_DATE,PAYMENT_METHOD,GUESTID,STAFFID) values ('BL1038',to_date('15-JAN-24','DD-MON-RR'),2250,0,180,2430,0,'Paid',to_date('15-JAN-24','DD-MON-RR'),'Credit/Debit Card','GST030','STA13');
Insert into HOMESTAY.BILL (BILLNO,BILL_DATE,BILL_SUBTOTAL,DISC_AMOUNT,TAX_AMOUNT,TOTAL_AMOUNT,LATE_CHARGES,BILL_STATUS,PAYMENT_DATE,PAYMENT_METHOD,GUESTID,STAFFID) values ('BL1039',to_date('21-JAN-24','DD-MON-RR'),2000,200,144,1944,0,'Paid',to_date('21-JAN-24','DD-MON-RR'),'QR Payment','GST031','STA14');
Insert into HOMESTAY.BILL (BILLNO,BILL_DATE,BILL_SUBTOTAL,DISC_AMOUNT,TAX_AMOUNT,TOTAL_AMOUNT,LATE_CHARGES,BILL_STATUS,PAYMENT_DATE,PAYMENT_METHOD,GUESTID,STAFFID) values ('BL1040',to_date('25-JAN-24','DD-MON-RR'),1350,135,127.2,1342.2,0,'Paid',to_date('25-JAN-24','DD-MON-RR'),'Credit/Debit Card','GST032','STA15');
Insert into HOMESTAY.BILL (BILLNO,BILL_DATE,BILL_SUBTOTAL,DISC_AMOUNT,TAX_AMOUNT,TOTAL_AMOUNT,LATE_CHARGES,BILL_STATUS,PAYMENT_DATE,PAYMENT_METHOD,GUESTID,STAFFID) values ('BL1041',to_date('11-FEB-24','DD-MON-RR'),4800,0,384,5184,0,'Paid',to_date('11-FEB-24','DD-MON-RR'),'QR Payment','GST033','STA16');
Insert into HOMESTAY.BILL (BILLNO,BILL_DATE,BILL_SUBTOTAL,DISC_AMOUNT,TAX_AMOUNT,TOTAL_AMOUNT,LATE_CHARGES,BILL_STATUS,PAYMENT_DATE,PAYMENT_METHOD,GUESTID,STAFFID) values ('BL1042',to_date('17-FEB-24','DD-MON-RR'),1900,0,192,2092,0,'Paid',to_date('17-FEB-24','DD-MON-RR'),'QR Payment','GST034','STA17');
Insert into HOMESTAY.BILL (BILLNO,BILL_DATE,BILL_SUBTOTAL,DISC_AMOUNT,TAX_AMOUNT,TOTAL_AMOUNT,LATE_CHARGES,BILL_STATUS,PAYMENT_DATE,PAYMENT_METHOD,GUESTID,STAFFID) values ('BL1043',to_date('22-FEB-24','DD-MON-RR'),3300,330,237.6,3207.6,0,'Paid',to_date('22-FEB-24','DD-MON-RR'),'Credit/Debit Card','GST010','STA11');
Insert into HOMESTAY.BILL (BILLNO,BILL_DATE,BILL_SUBTOTAL,DISC_AMOUNT,TAX_AMOUNT,TOTAL_AMOUNT,LATE_CHARGES,BILL_STATUS,PAYMENT_DATE,PAYMENT_METHOD,GUESTID,STAFFID) values ('BL1044',to_date('09-MAR-24','DD-MON-RR'),6000,1200,384,5184,0,'Paid',to_date('09-MAR-24','DD-MON-RR'),'Credit/Debit Card','GST035','STA18');
Insert into HOMESTAY.BILL (BILLNO,BILL_DATE,BILL_SUBTOTAL,DISC_AMOUNT,TAX_AMOUNT,TOTAL_AMOUNT,LATE_CHARGES,BILL_STATUS,PAYMENT_DATE,PAYMENT_METHOD,GUESTID,STAFFID) values ('BL1045',to_date('18-MAR-24','DD-MON-RR'),3800,1140,302.8,2962.8,0,'Paid',to_date('18-MAR-24','DD-MON-RR'),'QR Payment','GST046','STA09');
Insert into HOMESTAY.BILL (BILLNO,BILL_DATE,BILL_SUBTOTAL,DISC_AMOUNT,TAX_AMOUNT,TOTAL_AMOUNT,LATE_CHARGES,BILL_STATUS,PAYMENT_DATE,PAYMENT_METHOD,GUESTID,STAFFID) values ('BL1046',to_date('27-MAR-24','DD-MON-RR'),2400,0,262,2712,50,'Paid',to_date('27-MAR-24','DD-MON-RR'),'QR Payment','GST036','STA19');
Insert into HOMESTAY.BILL (BILLNO,BILL_DATE,BILL_SUBTOTAL,DISC_AMOUNT,TAX_AMOUNT,TOTAL_AMOUNT,LATE_CHARGES,BILL_STATUS,PAYMENT_DATE,PAYMENT_METHOD,GUESTID,STAFFID) values ('BL1047',to_date('26-MAY-24','DD-MON-RR'),3500,700,224,3024,0,'Paid',to_date('26-MAY-24','DD-MON-RR'),'Credit/Debit Card','GST037','STA20');
Insert into HOMESTAY.BILL (BILLNO,BILL_DATE,BILL_SUBTOTAL,DISC_AMOUNT,TAX_AMOUNT,TOTAL_AMOUNT,LATE_CHARGES,BILL_STATUS,PAYMENT_DATE,PAYMENT_METHOD,GUESTID,STAFFID) values ('BL1048',to_date('01-JUN-24','DD-MON-RR'),1800,0,144,1944,0,'Paid',to_date('01-JUN-24','DD-MON-RR'),'QR Payment','GST038','STA01');
Insert into HOMESTAY.BILL (BILLNO,BILL_DATE,BILL_SUBTOTAL,DISC_AMOUNT,TAX_AMOUNT,TOTAL_AMOUNT,LATE_CHARGES,BILL_STATUS,PAYMENT_DATE,PAYMENT_METHOD,GUESTID,STAFFID) values ('BL1049',to_date('05-JUN-24','DD-MON-RR'),1100,0,88,1238,50,'Paid',to_date('05-JUN-24','DD-MON-RR'),'Credit/Debit Card','GST039','STA02');
Insert into HOMESTAY.BILL (BILLNO,BILL_DATE,BILL_SUBTOTAL,DISC_AMOUNT,TAX_AMOUNT,TOTAL_AMOUNT,LATE_CHARGES,BILL_STATUS,PAYMENT_DATE,PAYMENT_METHOD,GUESTID,STAFFID) values ('BL1050',to_date('12-JUN-24','DD-MON-RR'),2750,275,198,2673,0,'Paid',to_date('12-JUN-24','DD-MON-RR'),'QR Payment','GST040','STA03');
Insert into HOMESTAY.BILL (BILLNO,BILL_DATE,BILL_SUBTOTAL,DISC_AMOUNT,TAX_AMOUNT,TOTAL_AMOUNT,LATE_CHARGES,BILL_STATUS,PAYMENT_DATE,PAYMENT_METHOD,GUESTID,STAFFID) values ('BL1051',to_date('18-JUN-24','DD-MON-RR'),1600,0,128,1728,0,'Paid',to_date('18-JUN-24','DD-MON-RR'),'Credit/Debit Card','GST041','STA04');
Insert into HOMESTAY.BILL (BILLNO,BILL_DATE,BILL_SUBTOTAL,DISC_AMOUNT,TAX_AMOUNT,TOTAL_AMOUNT,LATE_CHARGES,BILL_STATUS,PAYMENT_DATE,PAYMENT_METHOD,GUESTID,STAFFID) values ('BL1052',to_date('22-JUN-24','DD-MON-RR'),1000,100,112,1012,0,'Paid',to_date('22-JUN-24','DD-MON-RR'),'Credit/Debit Card','GST042','STA05');
Insert into HOMESTAY.BILL (BILLNO,BILL_DATE,BILL_SUBTOTAL,DISC_AMOUNT,TAX_AMOUNT,TOTAL_AMOUNT,LATE_CHARGES,BILL_STATUS,PAYMENT_DATE,PAYMENT_METHOD,GUESTID,STAFFID) values ('BL1053',to_date('28-JUN-24','DD-MON-RR'),2200,0,176,2376,0,'Paid',to_date('28-JUN-24','DD-MON-RR'),'QR Payment','GST043','STA06');
Insert into HOMESTAY.BILL (BILLNO,BILL_DATE,BILL_SUBTOTAL,DISC_AMOUNT,TAX_AMOUNT,TOTAL_AMOUNT,LATE_CHARGES,BILL_STATUS,PAYMENT_DATE,PAYMENT_METHOD,GUESTID,STAFFID) values ('BL1054',to_date('24-JUL-24','DD-MON-RR'),4950,0,476,5426,0,'Paid',to_date('24-JUL-24','DD-MON-RR'),'Credit/Debit Card','GST044','STA07');
Insert into HOMESTAY.BILL (BILLNO,BILL_DATE,BILL_SUBTOTAL,DISC_AMOUNT,TAX_AMOUNT,TOTAL_AMOUNT,LATE_CHARGES,BILL_STATUS,PAYMENT_DATE,PAYMENT_METHOD,GUESTID,STAFFID) values ('BL1055',to_date('28-JUL-24','DD-MON-RR'),4500,900,288,3888,0,'Paid',to_date('28-JUL-24','DD-MON-RR'),'QR Payment','GST045','STA08');
Insert into HOMESTAY.BILL (BILLNO,BILL_DATE,BILL_SUBTOTAL,DISC_AMOUNT,TAX_AMOUNT,TOTAL_AMOUNT,LATE_CHARGES,BILL_STATUS,PAYMENT_DATE,PAYMENT_METHOD,GUESTID,STAFFID) values ('BL1056',to_date('13-JUN-24','DD-MON-RR'),3800,1140,302.8,2962.8,0,'Paid',to_date('13-JUN-24','DD-MON-RR'),'Credit/Debit Card','GST046','STA09');
Insert into HOMESTAY.BILL (BILLNO,BILL_DATE,BILL_SUBTOTAL,DISC_AMOUNT,TAX_AMOUNT,TOTAL_AMOUNT,LATE_CHARGES,BILL_STATUS,PAYMENT_DATE,PAYMENT_METHOD,GUESTID,STAFFID) values ('BL1057',to_date('18-JUN-24','DD-MON-RR'),1650,0,132,1782,0,'Paid',to_date('18-JUN-24','DD-MON-RR'),'Credit/Debit Card','GST047','STA10');
Insert into HOMESTAY.BILL (BILLNO,BILL_DATE,BILL_SUBTOTAL,DISC_AMOUNT,TAX_AMOUNT,TOTAL_AMOUNT,LATE_CHARGES,BILL_STATUS,PAYMENT_DATE,PAYMENT_METHOD,GUESTID,STAFFID) values ('BL1058',to_date('29-JUN-24','DD-MON-RR'),8000,0,104,904,0,'Paid',to_date('27-JUN-24','DD-MON-RR'),'QR Payment','GST048','STA11');
Insert into HOMESTAY.BILL (BILLNO,BILL_DATE,BILL_SUBTOTAL,DISC_AMOUNT,TAX_AMOUNT,TOTAL_AMOUNT,LATE_CHARGES,BILL_STATUS,PAYMENT_DATE,PAYMENT_METHOD,GUESTID,STAFFID) values ('BL1059',to_date('11-JUL-24','DD-MON-RR'),2500,250,180,2430,0,'Paid',to_date('11-JUL-24','DD-MON-RR'),'Credit/Debit Card','GST049','STA12');
Insert into HOMESTAY.BILL (BILLNO,BILL_DATE,BILL_SUBTOTAL,DISC_AMOUNT,TAX_AMOUNT,TOTAL_AMOUNT,LATE_CHARGES,BILL_STATUS,PAYMENT_DATE,PAYMENT_METHOD,GUESTID,STAFFID) values ('BL1060',to_date('23-JUL-24','DD-MON-RR'),3200,0,336,3536,0,'Paid',to_date('23-JUL-24','DD-MON-RR'),'QR Payment','GST050','STA13');
Insert into HOMESTAY.BILL (BILLNO,BILL_DATE,BILL_SUBTOTAL,DISC_AMOUNT,TAX_AMOUNT,TOTAL_AMOUNT,LATE_CHARGES,BILL_STATUS,PAYMENT_DATE,PAYMENT_METHOD,GUESTID,STAFFID) values ('BL1061',to_date('29-JUL-24','DD-MON-RR'),2000,200,144,1944,0,'Paid',to_date('29-JUL-24','DD-MON-RR'),'Credit/Debit Card','GST051','STA14');
Insert into HOMESTAY.BILL (BILLNO,BILL_DATE,BILL_SUBTOTAL,DISC_AMOUNT,TAX_AMOUNT,TOTAL_AMOUNT,LATE_CHARGES,BILL_STATUS,PAYMENT_DATE,PAYMENT_METHOD,GUESTID,STAFFID) values ('BL1062',to_date('04-OCT-24','DD-MON-RR'),1500,0,120,1620,0,'Paid',to_date('04-OCT-24','DD-MON-RR'),'QR Payment','GST052','STA15');
Insert into HOMESTAY.BILL (BILLNO,BILL_DATE,BILL_SUBTOTAL,DISC_AMOUNT,TAX_AMOUNT,TOTAL_AMOUNT,LATE_CHARGES,BILL_STATUS,PAYMENT_DATE,PAYMENT_METHOD,GUESTID,STAFFID) values ('BL1063',to_date('14-OCT-24','DD-MON-RR'),2200,220,158.4,2138.4,0,'Paid',to_date('14-OCT-24','DD-MON-RR'),'Credit/Debit Card','GST053','STA16');
Insert into HOMESTAY.BILL (BILLNO,BILL_DATE,BILL_SUBTOTAL,DISC_AMOUNT,TAX_AMOUNT,TOTAL_AMOUNT,LATE_CHARGES,BILL_STATUS,PAYMENT_DATE,PAYMENT_METHOD,GUESTID,STAFFID) values ('BL1064',to_date('23-OCT-24','DD-MON-RR'),1350,0,148,1498,0,'Paid',to_date('23-OCT-24','DD-MON-RR'),'QR Payment','GST054','STA17');
Insert into HOMESTAY.BILL (BILLNO,BILL_DATE,BILL_SUBTOTAL,DISC_AMOUNT,TAX_AMOUNT,TOTAL_AMOUNT,LATE_CHARGES,BILL_STATUS,PAYMENT_DATE,PAYMENT_METHOD,GUESTID,STAFFID) values ('BL1065',to_date('04-NOV-24','DD-MON-RR'),1800,180,169.6,1889.6,100,'Paid',to_date('04-NOV-24','DD-MON-RR'),'Credit/Debit Card','GST055','STA18');
Insert into HOMESTAY.BILL (BILLNO,BILL_DATE,BILL_SUBTOTAL,DISC_AMOUNT,TAX_AMOUNT,TOTAL_AMOUNT,LATE_CHARGES,BILL_STATUS,PAYMENT_DATE,PAYMENT_METHOD,GUESTID,STAFFID) values ('BL1066',to_date('27-NOV-24','DD-MON-RR'),6000,1200,384,5184,0,'Paid',to_date('27-NOV-24','DD-MON-RR'),'QR Payment','GST003','STA09');
Insert into HOMESTAY.BILL (BILLNO,BILL_DATE,BILL_SUBTOTAL,DISC_AMOUNT,TAX_AMOUNT,TOTAL_AMOUNT,LATE_CHARGES,BILL_STATUS,PAYMENT_DATE,PAYMENT_METHOD,GUESTID,STAFFID) values ('BL1067',to_date('10-DEC-24','DD-MON-RR'),3400,1020,190.4,2570.4,0,'Paid',to_date('10-DEC-24','DD-MON-RR'),'Credit/Debit Card','GST005','STA01');
Insert into HOMESTAY.BILL (BILLNO,BILL_DATE,BILL_SUBTOTAL,DISC_AMOUNT,TAX_AMOUNT,TOTAL_AMOUNT,LATE_CHARGES,BILL_STATUS,PAYMENT_DATE,PAYMENT_METHOD,GUESTID,STAFFID) values ('BL1068',to_date('28-DEC-24','DD-MON-RR'),4000,1200,314,3114,0,'Paid',to_date('28-DEC-24','DD-MON-RR'),'QR Payment','GST011','STA12');
Insert into HOMESTAY.BILL (BILLNO,BILL_DATE,BILL_SUBTOTAL,DISC_AMOUNT,TAX_AMOUNT,TOTAL_AMOUNT,LATE_CHARGES,BILL_STATUS,PAYMENT_DATE,PAYMENT_METHOD,GUESTID,STAFFID) values ('BL1069',to_date('17-JAN-25','DD-MON-RR'),4800,960,427.2,4267.2,0,'Paid',to_date('17-JAN-25','DD-MON-RR'),'Credit/Debit Card','GST012','STA05');
Insert into HOMESTAY.BILL (BILLNO,BILL_DATE,BILL_SUBTOTAL,DISC_AMOUNT,TAX_AMOUNT,TOTAL_AMOUNT,LATE_CHARGES,BILL_STATUS,PAYMENT_DATE,PAYMENT_METHOD,GUESTID,STAFFID) values ('BL1070',to_date('12-FEB-25','DD-MON-RR'),4500,1350,252,3402,0,'Paid',to_date('12-FEB-25','DD-MON-RR'),'QR Payment','GST020','STA03');
Insert into HOMESTAY.BILL (BILLNO,BILL_DATE,BILL_SUBTOTAL,DISC_AMOUNT,TAX_AMOUNT,TOTAL_AMOUNT,LATE_CHARGES,BILL_STATUS,PAYMENT_DATE,PAYMENT_METHOD,GUESTID,STAFFID) values ('BL1071',to_date('09-MAR-25','DD-MON-RR'),2700,270,194.4,2624.4,0,'Paid',to_date('09-MAR-25','DD-MON-RR'),'Credit/Debit Card','GST024','STA07');
Insert into HOMESTAY.BILL (BILLNO,BILL_DATE,BILL_SUBTOTAL,DISC_AMOUNT,TAX_AMOUNT,TOTAL_AMOUNT,LATE_CHARGES,BILL_STATUS,PAYMENT_DATE,PAYMENT_METHOD,GUESTID,STAFFID) values ('BL1072',to_date('17-JAN-25','DD-MON-RR'),5400,1080,465.6,4785.6,0,'Paid',to_date('22-APR-25','DD-MON-RR'),'QR Payment','GST028','STA11');
Insert into HOMESTAY.BILL (BILLNO,BILL_DATE,BILL_SUBTOTAL,DISC_AMOUNT,TAX_AMOUNT,TOTAL_AMOUNT,LATE_CHARGES,BILL_STATUS,PAYMENT_DATE,PAYMENT_METHOD,GUESTID,STAFFID) values ('BL1073',to_date('12-FEB-25','DD-MON-RR'),4800,960,307.2,4147.2,0,'Paid',to_date('12-MAY-25','DD-MON-RR'),'Credit/Debit Card','GST035','STA18');
Insert into HOMESTAY.BILL (BILLNO,BILL_DATE,BILL_SUBTOTAL,DISC_AMOUNT,TAX_AMOUNT,TOTAL_AMOUNT,LATE_CHARGES,BILL_STATUS,PAYMENT_DATE,PAYMENT_METHOD,GUESTID,STAFFID) values ('BL1074',to_date('15-MAR-25','DD-MON-RR'),5400,1080,345.6,4665.6,0,'Paid',to_date('15-JUN-25','DD-MON-RR'),'QR Payment','GST037','STA20');
Insert into HOMESTAY.BILL (BILLNO,BILL_DATE,BILL_SUBTOTAL,DISC_AMOUNT,TAX_AMOUNT,TOTAL_AMOUNT,LATE_CHARGES,BILL_STATUS,PAYMENT_DATE,PAYMENT_METHOD,GUESTID,STAFFID) values ('BL1075',to_date('10-APR-25','DD-MON-RR'),3500,700,224,3024,0,'Paid',to_date('28-JUL-25','DD-MON-RR'),'Credit/Debit Card','GST045','STA08');
Insert into HOMESTAY.BILL (BILLNO,BILL_DATE,BILL_SUBTOTAL,DISC_AMOUNT,TAX_AMOUNT,TOTAL_AMOUNT,LATE_CHARGES,BILL_STATUS,PAYMENT_DATE,PAYMENT_METHOD,GUESTID,STAFFID) values ('BL1076',to_date('07-MAY-25','DD-MON-RR'),2250,675,206,1781,0,'Paid',to_date('07-AUG-25','DD-MON-RR'),'QR Payment','GST046','STA09');
Insert into HOMESTAY.BILL (BILLNO,BILL_DATE,BILL_SUBTOTAL,DISC_AMOUNT,TAX_AMOUNT,TOTAL_AMOUNT,LATE_CHARGES,BILL_STATUS,PAYMENT_DATE,PAYMENT_METHOD,GUESTID,STAFFID) values ('BL1077',to_date('08-JUN-25','DD-MON-RR'),2700,810,151.2,2041.2,0,'Paid',to_date('08-OCT-25','DD-MON-RR'),'Credit/Debit Card','GST005','STA02');
Insert into HOMESTAY.BILL (BILLNO,BILL_DATE,BILL_SUBTOTAL,DISC_AMOUNT,TAX_AMOUNT,TOTAL_AMOUNT,LATE_CHARGES,BILL_STATUS,PAYMENT_DATE,PAYMENT_METHOD,GUESTID,STAFFID) values ('BL1078',to_date('12-JUL-25','DD-MON-RR'),3300,990,254.8,2564.8,0,'Paid',to_date('12-NOV-25','DD-MON-RR'),'Credit/Debit Card','GST011','STA03');
Insert into HOMESTAY.BILL (BILLNO,BILL_DATE,BILL_SUBTOTAL,DISC_AMOUNT,TAX_AMOUNT,TOTAL_AMOUNT,LATE_CHARGES,BILL_STATUS,PAYMENT_DATE,PAYMENT_METHOD,GUESTID,STAFFID) values ('BL1079',to_date('11-AUG-25','DD-MON-RR'),3300,990,184.8,2494.8,0,'Paid',to_date('11-DEC-25','DD-MON-RR'),'QR Payment','GST020','STA06');
Insert into HOMESTAY.BILL (BILLNO,BILL_DATE,BILL_SUBTOTAL,DISC_AMOUNT,TAX_AMOUNT,TOTAL_AMOUNT,LATE_CHARGES,BILL_STATUS,PAYMENT_DATE,PAYMENT_METHOD,GUESTID,STAFFID) values ('BL1080',to_date('07-SEP-25','DD-MON-RR'),2250,675,206,1781,0,'Paid',to_date('08-JAN-26','DD-MON-RR'),'QR Payment','GST046','STA08');
Insert into HOMESTAY.BILL (BILLNO,BILL_DATE,BILL_SUBTOTAL,DISC_AMOUNT,TAX_AMOUNT,TOTAL_AMOUNT,LATE_CHARGES,BILL_STATUS,PAYMENT_DATE,PAYMENT_METHOD,GUESTID,STAFFID) values ('BL1081',to_date('04-OCT-25','DD-MON-RR'),2700,540,172.8,2332.8,0,'Paid',to_date('18-FEB-26','DD-MON-RR'),'Credit/Debit Card','GST003','STA01');
Insert into HOMESTAY.BILL (BILLNO,BILL_DATE,BILL_SUBTOTAL,DISC_AMOUNT,TAX_AMOUNT,TOTAL_AMOUNT,LATE_CHARGES,BILL_STATUS,PAYMENT_DATE,PAYMENT_METHOD,GUESTID,STAFFID) values ('BL1082',to_date('09-NOV-25','DD-MON-RR'),4400,440,316.8,4276.8,0,'Paid',to_date('09-MAR-26','DD-MON-RR'),'QR Payment','GST017','STA18');
Insert into HOMESTAY.BILL (BILLNO,BILL_DATE,BILL_SUBTOTAL,DISC_AMOUNT,TAX_AMOUNT,TOTAL_AMOUNT,LATE_CHARGES,BILL_STATUS,PAYMENT_DATE,PAYMENT_METHOD,GUESTID,STAFFID) values ('BL1083',to_date('09-DEC-25','DD-MON-RR'),5500,1650,308,4158,0,'Paid',to_date('28-MAR-26','DD-MON-RR'),'Credit/Debit Card','GST020','STA03');
Insert into HOMESTAY.BILL (BILLNO,BILL_DATE,BILL_SUBTOTAL,DISC_AMOUNT,TAX_AMOUNT,TOTAL_AMOUNT,LATE_CHARGES,BILL_STATUS,PAYMENT_DATE,PAYMENT_METHOD,GUESTID,STAFFID) values ('BL1084',to_date('11-JAN-26','DD-MON-RR'),2500,250,180,2430,0,'Paid',to_date('31-MAR-26','DD-MON-RR'),'QR Payment','GST022','STA05');
Insert into HOMESTAY.BILL (BILLNO,BILL_DATE,BILL_SUBTOTAL,DISC_AMOUNT,TAX_AMOUNT,TOTAL_AMOUNT,LATE_CHARGES,BILL_STATUS,PAYMENT_DATE,PAYMENT_METHOD,GUESTID,STAFFID) values ('BL1085',to_date('22-JAN-26','DD-MON-RR'),2700,540,172.8,2332.8,0,'Paid',to_date('12-APR-26','DD-MON-RR'),'Credit/Debit Card','GST024','STA07');
Insert into HOMESTAY.BILL (BILLNO,BILL_DATE,BILL_SUBTOTAL,DISC_AMOUNT,TAX_AMOUNT,TOTAL_AMOUNT,LATE_CHARGES,BILL_STATUS,PAYMENT_DATE,PAYMENT_METHOD,GUESTID,STAFFID) values ('BL1086',to_date('08-FEB-26','DD-MON-RR'),2700,270,194.4,2624.4,0,'Paid',to_date('22-APR-26','DD-MON-RR'),'QR Payment','GST026','STA09');
Insert into HOMESTAY.BILL (BILLNO,BILL_DATE,BILL_SUBTOTAL,DISC_AMOUNT,TAX_AMOUNT,TOTAL_AMOUNT,LATE_CHARGES,BILL_STATUS,PAYMENT_DATE,PAYMENT_METHOD,GUESTID,STAFFID) values ('BL1087',to_date('18-FEB-26','DD-MON-RR'),1500,150,108,1458,0,'Paid',to_date('28-APR-26','DD-MON-RR'),'Credit/Debit Card','GST031','STA14');
Insert into HOMESTAY.BILL (BILLNO,BILL_DATE,BILL_SUBTOTAL,DISC_AMOUNT,TAX_AMOUNT,TOTAL_AMOUNT,LATE_CHARGES,BILL_STATUS,PAYMENT_DATE,PAYMENT_METHOD,GUESTID,STAFFID) values ('BL1088',to_date('23-FEB-26','DD-MON-RR'),1350,135,127.2,1342.2,0,'Paid',to_date('04-MAY-26','DD-MON-RR'),'QR Payment','GST032','STA15');
Insert into HOMESTAY.BILL (BILLNO,BILL_DATE,BILL_SUBTOTAL,DISC_AMOUNT,TAX_AMOUNT,TOTAL_AMOUNT,LATE_CHARGES,BILL_STATUS,PAYMENT_DATE,PAYMENT_METHOD,GUESTID,STAFFID) values ('BL1089',to_date('04-MAR-26','DD-MON-RR'),1500,150,108,1458,0,'Paid',to_date('09-MAY-26','DD-MON-RR'),'Credit/Debit Card','GST040','STA03');
Insert into HOMESTAY.BILL (BILLNO,BILL_DATE,BILL_SUBTOTAL,DISC_AMOUNT,TAX_AMOUNT,TOTAL_AMOUNT,LATE_CHARGES,BILL_STATUS,PAYMENT_DATE,PAYMENT_METHOD,GUESTID,STAFFID) values ('BL1090',to_date('13-MAR-26','DD-MON-RR'),1500,150,148,1498,0,'Paid',to_date('14-MAY-26','DD-MON-RR'),'QR Payment','GST042','STA05');
Insert into HOMESTAY.BILL (BILLNO,BILL_DATE,BILL_SUBTOTAL,DISC_AMOUNT,TAX_AMOUNT,TOTAL_AMOUNT,LATE_CHARGES,BILL_STATUS,PAYMENT_DATE,PAYMENT_METHOD,GUESTID,STAFFID) values ('BL1091',to_date('23-MAR-26','DD-MON-RR'),2000,400,128,1728,0,'Paid',to_date('19-MAY-26','DD-MON-RR'),'Credit/Debit Card','GST045','STA08');
Insert into HOMESTAY.BILL (BILLNO,BILL_DATE,BILL_SUBTOTAL,DISC_AMOUNT,TAX_AMOUNT,TOTAL_AMOUNT,LATE_CHARGES,BILL_STATUS,PAYMENT_DATE,PAYMENT_METHOD,GUESTID,STAFFID) values ('BL1092',to_date('08-APR-26','DD-MON-RR'),5500,1650,378,4228,0,'Paid',to_date('28-MAY-26','DD-MON-RR'),'QR Payment','GST046','STA09');
Insert into HOMESTAY.BILL (BILLNO,BILL_DATE,BILL_SUBTOTAL,DISC_AMOUNT,TAX_AMOUNT,TOTAL_AMOUNT,LATE_CHARGES,BILL_STATUS,PAYMENT_DATE,PAYMENT_METHOD,GUESTID,STAFFID) values ('BL1093',to_date('04-MAY-26','DD-MON-RR'),1500,150,108,1458,0,'Paid',to_date('04-JUN-26','DD-MON-RR'),'Credit/Debit Card','GST051','STA14');
Insert into HOMESTAY.BILL (BILLNO,BILL_DATE,BILL_SUBTOTAL,DISC_AMOUNT,TAX_AMOUNT,TOTAL_AMOUNT,LATE_CHARGES,BILL_STATUS,PAYMENT_DATE,PAYMENT_METHOD,GUESTID,STAFFID) values ('BL1094',to_date('13-MAY-26','DD-MON-RR'),2200,220,158.4,2138.4,0,'Paid',to_date('09-JUN-26','DD-MON-RR'),'QR Payment','GST053','STA16');
Insert into HOMESTAY.BILL (BILLNO,BILL_DATE,BILL_SUBTOTAL,DISC_AMOUNT,TAX_AMOUNT,TOTAL_AMOUNT,LATE_CHARGES,BILL_STATUS,PAYMENT_DATE,PAYMENT_METHOD,GUESTID,STAFFID) values ('BL1095',to_date('23-MAY-26','DD-MON-RR'),1350,135,127.2,1342.2,0,'Paid',to_date('15-JUN-26','DD-MON-RR'),'Credit/Debit Card','GST055','STA18');
REM INSERTING into HOMESTAY.BOOKING
SET DEFINE OFF;
Insert into HOMESTAY.BOOKING (BOOKINGID,CHECKIN_DATE,CHECKOUT_DATE,NUM_ADULTS,NUM_CHILDREN,DEPOSIT_AMOUNT,HOMESTAYID,GUESTID,STAFFID,BILLNO) values ('BK1001',to_date('10-JAN-23','DD-MON-RR'),to_date('16-JAN-23','DD-MON-RR'),4,5,990,'HM104','GST001','STA02','BL1001');
Insert into HOMESTAY.BOOKING (BOOKINGID,CHECKIN_DATE,CHECKOUT_DATE,NUM_ADULTS,NUM_CHILDREN,DEPOSIT_AMOUNT,HOMESTAYID,GUESTID,STAFFID,BILLNO) values ('BK1002',to_date('20-JAN-23','DD-MON-RR'),to_date('25-JAN-23','DD-MON-RR'),6,5,750,'HM101','GST002','STA01','BL1002');
Insert into HOMESTAY.BOOKING (BOOKINGID,CHECKIN_DATE,CHECKOUT_DATE,NUM_ADULTS,NUM_CHILDREN,DEPOSIT_AMOUNT,HOMESTAYID,GUESTID,STAFFID,BILLNO) values ('BK1003',to_date('30-JAN-23','DD-MON-RR'),to_date('05-FEB-23','DD-MON-RR'),10,0,675,'HM102','GST003','STA06','BL1003');
Insert into HOMESTAY.BOOKING (BOOKINGID,CHECKIN_DATE,CHECKOUT_DATE,NUM_ADULTS,NUM_CHILDREN,DEPOSIT_AMOUNT,HOMESTAYID,GUESTID,STAFFID,BILLNO) values ('BK1004',to_date('05-FEB-23','DD-MON-RR'),to_date('10-FEB-23','DD-MON-RR'),4,3,675,'HM102','GST003','STA06','BL1003');
Insert into HOMESTAY.BOOKING (BOOKINGID,CHECKIN_DATE,CHECKOUT_DATE,NUM_ADULTS,NUM_CHILDREN,DEPOSIT_AMOUNT,HOMESTAYID,GUESTID,STAFFID,BILLNO) values ('BK1005',to_date('10-FEB-23','DD-MON-RR'),to_date('13-FEB-23','DD-MON-RR'),6,1,495,'HM104','GST001','STA02','BL1004');
Insert into HOMESTAY.BOOKING (BOOKINGID,CHECKIN_DATE,CHECKOUT_DATE,NUM_ADULTS,NUM_CHILDREN,DEPOSIT_AMOUNT,HOMESTAYID,GUESTID,STAFFID,BILLNO) values ('BK1006',to_date('20-FEB-23','DD-MON-RR'),to_date('24-FEB-23','DD-MON-RR'),6,6,540,'HM102','GST004','STA12','BL1005');
Insert into HOMESTAY.BOOKING (BOOKINGID,CHECKIN_DATE,CHECKOUT_DATE,NUM_ADULTS,NUM_CHILDREN,DEPOSIT_AMOUNT,HOMESTAYID,GUESTID,STAFFID,BILLNO) values ('BK1007',to_date('01-MAR-23','DD-MON-RR'),to_date('05-MAR-23','DD-MON-RR'),15,5,960,'HM103','GST005','STA05','BL1006');
Insert into HOMESTAY.BOOKING (BOOKINGID,CHECKIN_DATE,CHECKOUT_DATE,NUM_ADULTS,NUM_CHILDREN,DEPOSIT_AMOUNT,HOMESTAYID,GUESTID,STAFFID,BILLNO) values ('BK1008',to_date('05-MAR-23','DD-MON-RR'),to_date('09-MAR-23','DD-MON-RR'),6,6,1200,'HM101','GST005','STA05','BL1006');
Insert into HOMESTAY.BOOKING (BOOKINGID,CHECKIN_DATE,CHECKOUT_DATE,NUM_ADULTS,NUM_CHILDREN,DEPOSIT_AMOUNT,HOMESTAYID,GUESTID,STAFFID,BILLNO) values ('BK1009',to_date('09-MAR-23','DD-MON-RR'),to_date('11-MAR-23','DD-MON-RR'),6,2,240,'HM103','GST005','STA05','BL1006');
Insert into HOMESTAY.BOOKING (BOOKINGID,CHECKIN_DATE,CHECKOUT_DATE,NUM_ADULTS,NUM_CHILDREN,DEPOSIT_AMOUNT,HOMESTAYID,GUESTID,STAFFID,BILLNO) values ('BK1010',to_date('12-MAR-23','DD-MON-RR'),to_date('16-MAR-23','DD-MON-RR'),6,1,540,'HM102','GST002','STA01','BL1007');
Insert into HOMESTAY.BOOKING (BOOKINGID,CHECKIN_DATE,CHECKOUT_DATE,NUM_ADULTS,NUM_CHILDREN,DEPOSIT_AMOUNT,HOMESTAYID,GUESTID,STAFFID,BILLNO) values ('BK1011',to_date('20-MAR-23','DD-MON-RR'),to_date('28-MAR-23','DD-MON-RR'),15,5,960,'HM103','GST006','STA01','BL1008');
Insert into HOMESTAY.BOOKING (BOOKINGID,CHECKIN_DATE,CHECKOUT_DATE,NUM_ADULTS,NUM_CHILDREN,DEPOSIT_AMOUNT,HOMESTAYID,GUESTID,STAFFID,BILLNO) values ('BK1012',to_date('01-APR-23','DD-MON-RR'),to_date('06-APR-23','DD-MON-RR'),5,3,825,'HM104','GST007','STA09','BL1009');
Insert into HOMESTAY.BOOKING (BOOKINGID,CHECKIN_DATE,CHECKOUT_DATE,NUM_ADULTS,NUM_CHILDREN,DEPOSIT_AMOUNT,HOMESTAYID,GUESTID,STAFFID,BILLNO) values ('BK1013',to_date('05-APR-23','DD-MON-RR'),to_date('10-APR-23','DD-MON-RR'),4,2,405,'HM102','GST003','STA06','BL1010');
Insert into HOMESTAY.BOOKING (BOOKINGID,CHECKIN_DATE,CHECKOUT_DATE,NUM_ADULTS,NUM_CHILDREN,DEPOSIT_AMOUNT,HOMESTAYID,GUESTID,STAFFID,BILLNO) values ('BK1014',to_date('10-APR-23','DD-MON-RR'),to_date('14-APR-23','DD-MON-RR'),8,3,660,'HM101','GST003','STA06','BL1010');
Insert into HOMESTAY.BOOKING (BOOKINGID,CHECKIN_DATE,CHECKOUT_DATE,NUM_ADULTS,NUM_CHILDREN,DEPOSIT_AMOUNT,HOMESTAYID,GUESTID,STAFFID,BILLNO) values ('BK1015',to_date('15-APR-23','DD-MON-RR'),to_date('19-APR-23','DD-MON-RR'),5,3,660,'HM104','GST005','STA05','BL1011');
Insert into HOMESTAY.BOOKING (BOOKINGID,CHECKIN_DATE,CHECKOUT_DATE,NUM_ADULTS,NUM_CHILDREN,DEPOSIT_AMOUNT,HOMESTAYID,GUESTID,STAFFID,BILLNO) values ('BK1016',to_date('19-APR-23','DD-MON-RR'),to_date('23-APR-23','DD-MON-RR'),6,4,480,'HM103','GST005','STA05','BL1011');
Insert into HOMESTAY.BOOKING (BOOKINGID,CHECKIN_DATE,CHECKOUT_DATE,NUM_ADULTS,NUM_CHILDREN,DEPOSIT_AMOUNT,HOMESTAYID,GUESTID,STAFFID,BILLNO) values ('BK1017',to_date('24-APR-23','DD-MON-RR'),to_date('30-APR-23','DD-MON-RR'),15,0,900,'HM101','GST005','STA05','BL1011');
Insert into HOMESTAY.BOOKING (BOOKINGID,CHECKIN_DATE,CHECKOUT_DATE,NUM_ADULTS,NUM_CHILDREN,DEPOSIT_AMOUNT,HOMESTAYID,GUESTID,STAFFID,BILLNO) values ('BK1018',to_date('01-MAY-23','DD-MON-RR'),to_date('08-MAY-23','DD-MON-RR'),22,0,1050,'HM101','GST008','STA10','BL1012');
Insert into HOMESTAY.BOOKING (BOOKINGID,CHECKIN_DATE,CHECKOUT_DATE,NUM_ADULTS,NUM_CHILDREN,DEPOSIT_AMOUNT,HOMESTAYID,GUESTID,STAFFID,BILLNO) values ('BK1019',to_date('10-MAY-23','DD-MON-RR'),to_date('17-MAY-23','DD-MON-RR'),22,0,1050,'HM101','GST009','STA01','BL1013');
Insert into HOMESTAY.BOOKING (BOOKINGID,CHECKIN_DATE,CHECKOUT_DATE,NUM_ADULTS,NUM_CHILDREN,DEPOSIT_AMOUNT,HOMESTAYID,GUESTID,STAFFID,BILLNO) values ('BK1020',to_date('01-MAY-23','DD-MON-RR'),to_date('06-MAY-23','DD-MON-RR'),4,3,990,'HM104','GST010','STA11','BL1014');
Insert into HOMESTAY.BOOKING (BOOKINGID,CHECKIN_DATE,CHECKOUT_DATE,NUM_ADULTS,NUM_CHILDREN,DEPOSIT_AMOUNT,HOMESTAYID,GUESTID,STAFFID,BILLNO) values ('BK1021',to_date('06-MAY-23','DD-MON-RR'),to_date('11-MAY-23','DD-MON-RR'),10,5,600,'HM103','GST010','STA11','BL1014');
Insert into HOMESTAY.BOOKING (BOOKINGID,CHECKIN_DATE,CHECKOUT_DATE,NUM_ADULTS,NUM_CHILDREN,DEPOSIT_AMOUNT,HOMESTAYID,GUESTID,STAFFID,BILLNO) values ('BK1022',to_date('12-MAY-23','DD-MON-RR'),to_date('20-MAY-23','DD-MON-RR'),4,2,1080,'HM102','GST012','STA05','BL1015');
Insert into HOMESTAY.BOOKING (BOOKINGID,CHECKIN_DATE,CHECKOUT_DATE,NUM_ADULTS,NUM_CHILDREN,DEPOSIT_AMOUNT,HOMESTAYID,GUESTID,STAFFID,BILLNO) values ('BK1023',to_date('21-MAY-23','DD-MON-RR'),to_date('30-MAY-23','DD-MON-RR'),5,6,1350,'HM102','GST011','STA12','BL1016');
Insert into HOMESTAY.BOOKING (BOOKINGID,CHECKIN_DATE,CHECKOUT_DATE,NUM_ADULTS,NUM_CHILDREN,DEPOSIT_AMOUNT,HOMESTAYID,GUESTID,STAFFID,BILLNO) values ('BK1024',to_date('31-MAY-23','DD-MON-RR'),to_date('06-JUN-23','DD-MON-RR'),10,7,900,'HM101','GST011','STA12','BL1016');
Insert into HOMESTAY.BOOKING (BOOKINGID,CHECKIN_DATE,CHECKOUT_DATE,NUM_ADULTS,NUM_CHILDREN,DEPOSIT_AMOUNT,HOMESTAYID,GUESTID,STAFFID,BILLNO) values ('BK1025',to_date('07-JUN-23','DD-MON-RR'),to_date('14-JUN-23','DD-MON-RR'),6,2,1320,'HM104','GST011','STA12','BL1016');
Insert into HOMESTAY.BOOKING (BOOKINGID,CHECKIN_DATE,CHECKOUT_DATE,NUM_ADULTS,NUM_CHILDREN,DEPOSIT_AMOUNT,HOMESTAYID,GUESTID,STAFFID,BILLNO) values ('BK1026',to_date('15-JUN-23','DD-MON-RR'),to_date('23-JUN-23','DD-MON-RR'),16,7,960,'HM103','GST011','STA12','BL1016');
Insert into HOMESTAY.BOOKING (BOOKINGID,CHECKIN_DATE,CHECKOUT_DATE,NUM_ADULTS,NUM_CHILDREN,DEPOSIT_AMOUNT,HOMESTAYID,GUESTID,STAFFID,BILLNO) values ('BK1027',to_date('24-JUN-23','DD-MON-RR'),to_date('28-JUN-23','DD-MON-RR'),15,0,720,'HM103','GST013','STA13','BL1017');
Insert into HOMESTAY.BOOKING (BOOKINGID,CHECKIN_DATE,CHECKOUT_DATE,NUM_ADULTS,NUM_CHILDREN,DEPOSIT_AMOUNT,HOMESTAYID,GUESTID,STAFFID,BILLNO) values ('BK1028',to_date('29-JUN-23','DD-MON-RR'),to_date('04-JUL-23','DD-MON-RR'),10,6,600,'HM103','GST013','STA13','BL1017');
Insert into HOMESTAY.BOOKING (BOOKINGID,CHECKIN_DATE,CHECKOUT_DATE,NUM_ADULTS,NUM_CHILDREN,DEPOSIT_AMOUNT,HOMESTAYID,GUESTID,STAFFID,BILLNO) values ('BK1029',to_date('05-JUL-23','DD-MON-RR'),to_date('09-JUL-23','DD-MON-RR'),6,6,1200,'HM101','GST005','STA05','BL1018');
Insert into HOMESTAY.BOOKING (BOOKINGID,CHECKIN_DATE,CHECKOUT_DATE,NUM_ADULTS,NUM_CHILDREN,DEPOSIT_AMOUNT,HOMESTAYID,GUESTID,STAFFID,BILLNO) values ('BK1030',to_date('10-JUL-23','DD-MON-RR'),to_date('12-JUL-23','DD-MON-RR'),6,2,240,'HM103','GST005','STA05','BL1018');
Insert into HOMESTAY.BOOKING (BOOKINGID,CHECKIN_DATE,CHECKOUT_DATE,NUM_ADULTS,NUM_CHILDREN,DEPOSIT_AMOUNT,HOMESTAYID,GUESTID,STAFFID,BILLNO) values ('BK1031',to_date('13-JUL-23','DD-MON-RR'),to_date('19-JUL-23','DD-MON-RR'),14,0,810,'HM102','GST014','STA15','BL1019');
Insert into HOMESTAY.BOOKING (BOOKINGID,CHECKIN_DATE,CHECKOUT_DATE,NUM_ADULTS,NUM_CHILDREN,DEPOSIT_AMOUNT,HOMESTAYID,GUESTID,STAFFID,BILLNO) values ('BK1032',to_date('20-JUL-23','DD-MON-RR'),to_date('26-JUL-23','DD-MON-RR'),7,2,810,'HM102','GST015','STA02','BL1020');
Insert into HOMESTAY.BOOKING (BOOKINGID,CHECKIN_DATE,CHECKOUT_DATE,NUM_ADULTS,NUM_CHILDREN,DEPOSIT_AMOUNT,HOMESTAYID,GUESTID,STAFFID,BILLNO) values ('BK1033',to_date('27-JUL-23','DD-MON-RR'),to_date('04-AUG-23','DD-MON-RR'),7,2,1320,'HM104','GST015','STA02','BL1020');
Insert into HOMESTAY.BOOKING (BOOKINGID,CHECKIN_DATE,CHECKOUT_DATE,NUM_ADULTS,NUM_CHILDREN,DEPOSIT_AMOUNT,HOMESTAYID,GUESTID,STAFFID,BILLNO) values ('BK1034',to_date('01-AUG-23','DD-MON-RR'),to_date('11-AUG-23','DD-MON-RR'),16,0,1650,'HM101','GST016','STA16','BL1021');
Insert into HOMESTAY.BOOKING (BOOKINGID,CHECKIN_DATE,CHECKOUT_DATE,NUM_ADULTS,NUM_CHILDREN,DEPOSIT_AMOUNT,HOMESTAYID,GUESTID,STAFFID,BILLNO) values ('BK1035',to_date('12-AUG-23','DD-MON-RR'),to_date('18-AUG-23','DD-MON-RR'),10,6,720,'HM103','GST017','STA18','BL1022');
Insert into HOMESTAY.BOOKING (BOOKINGID,CHECKIN_DATE,CHECKOUT_DATE,NUM_ADULTS,NUM_CHILDREN,DEPOSIT_AMOUNT,HOMESTAYID,GUESTID,STAFFID,BILLNO) values ('BK1036',to_date('19-AUG-23','DD-MON-RR'),to_date('26-AUG-23','DD-MON-RR'),16,7,960,'HM103','GST011','STA12','BL1023');
Insert into HOMESTAY.BOOKING (BOOKINGID,CHECKIN_DATE,CHECKOUT_DATE,NUM_ADULTS,NUM_CHILDREN,DEPOSIT_AMOUNT,HOMESTAYID,GUESTID,STAFFID,BILLNO) values ('BK1037',to_date('01-SEP-23','DD-MON-RR'),to_date('06-SEP-23','DD-MON-RR'),6,5,750,'HM101','GST002','STA01','BL1024');
Insert into HOMESTAY.BOOKING (BOOKINGID,CHECKIN_DATE,CHECKOUT_DATE,NUM_ADULTS,NUM_CHILDREN,DEPOSIT_AMOUNT,HOMESTAYID,GUESTID,STAFFID,BILLNO) values ('BK1038',to_date('07-SEP-23','DD-MON-RR'),to_date('09-SEP-23','DD-MON-RR'),6,2,300,'HM101','GST002','STA01','BL1024');
Insert into HOMESTAY.BOOKING (BOOKINGID,CHECKIN_DATE,CHECKOUT_DATE,NUM_ADULTS,NUM_CHILDREN,DEPOSIT_AMOUNT,HOMESTAYID,GUESTID,STAFFID,BILLNO) values ('BK1039',to_date('10-SEP-23','DD-MON-RR'),to_date('12-SEP-23','DD-MON-RR'),6,2,300,'HM101','GST018','STA19','BL1025');
Insert into HOMESTAY.BOOKING (BOOKINGID,CHECKIN_DATE,CHECKOUT_DATE,NUM_ADULTS,NUM_CHILDREN,DEPOSIT_AMOUNT,HOMESTAYID,GUESTID,STAFFID,BILLNO) values ('BK1040',to_date('13-SEP-23','DD-MON-RR'),to_date('15-SEP-23','DD-MON-RR'),4,1,270,'HM102','GST018','STA19','BL1025');
Insert into HOMESTAY.BOOKING (BOOKINGID,CHECKIN_DATE,CHECKOUT_DATE,NUM_ADULTS,NUM_CHILDREN,DEPOSIT_AMOUNT,HOMESTAYID,GUESTID,STAFFID,BILLNO) values ('BK1041',to_date('16-SEP-23','DD-MON-RR'),to_date('22-SEP-23','DD-MON-RR'),12,4,480,'HM103','GST019','STA20','BL1026');
Insert into HOMESTAY.BOOKING (BOOKINGID,CHECKIN_DATE,CHECKOUT_DATE,NUM_ADULTS,NUM_CHILDREN,DEPOSIT_AMOUNT,HOMESTAYID,GUESTID,STAFFID,BILLNO) values ('BK1042',to_date('23-SEP-23','DD-MON-RR'),to_date('26-SEP-23','DD-MON-RR'),15,4,450,'HM101','GST020','STA03','BL1027');
Insert into HOMESTAY.BOOKING (BOOKINGID,CHECKIN_DATE,CHECKOUT_DATE,NUM_ADULTS,NUM_CHILDREN,DEPOSIT_AMOUNT,HOMESTAYID,GUESTID,STAFFID,BILLNO) values ('BK1043',to_date('27-SEP-23','DD-MON-RR'),to_date('01-OCT-23','DD-MON-RR'),14,3,900,'HM101','GST020','STA03','BL1027');
Insert into HOMESTAY.BOOKING (BOOKINGID,CHECKIN_DATE,CHECKOUT_DATE,NUM_ADULTS,NUM_CHILDREN,DEPOSIT_AMOUNT,HOMESTAYID,GUESTID,STAFFID,BILLNO) values ('BK1044',to_date('02-OCT-23','DD-MON-RR'),to_date('07-OCT-23','DD-MON-RR'),7,2,825,'HM104','GST020','STA03','BL1027');
Insert into HOMESTAY.BOOKING (BOOKINGID,CHECKIN_DATE,CHECKOUT_DATE,NUM_ADULTS,NUM_CHILDREN,DEPOSIT_AMOUNT,HOMESTAYID,GUESTID,STAFFID,BILLNO) values ('BK1045',to_date('08-OCT-23','DD-MON-RR'),to_date('11-OCT-23','DD-MON-RR'),6,2,405,'HM102','GST020','STA03','BL1027');
Insert into HOMESTAY.BOOKING (BOOKINGID,CHECKIN_DATE,CHECKOUT_DATE,NUM_ADULTS,NUM_CHILDREN,DEPOSIT_AMOUNT,HOMESTAYID,GUESTID,STAFFID,BILLNO) values ('BK1046',to_date('12-OCT-23','DD-MON-RR'),to_date('15-OCT-23','DD-MON-RR'),6,2,495,'HM104','GST021','STA04','BL1028');
Insert into HOMESTAY.BOOKING (BOOKINGID,CHECKIN_DATE,CHECKOUT_DATE,NUM_ADULTS,NUM_CHILDREN,DEPOSIT_AMOUNT,HOMESTAYID,GUESTID,STAFFID,BILLNO) values ('BK1047',to_date('16-OCT-23','DD-MON-RR'),to_date('19-OCT-23','DD-MON-RR'),12,3,360,'HM103','GST021','STA04','BL1028');
Insert into HOMESTAY.BOOKING (BOOKINGID,CHECKIN_DATE,CHECKOUT_DATE,NUM_ADULTS,NUM_CHILDREN,DEPOSIT_AMOUNT,HOMESTAYID,GUESTID,STAFFID,BILLNO) values ('BK1048',to_date('20-OCT-23','DD-MON-RR'),to_date('23-OCT-23','DD-MON-RR'),7,2,450,'HM101','GST021','STA04','BL1028');
Insert into HOMESTAY.BOOKING (BOOKINGID,CHECKIN_DATE,CHECKOUT_DATE,NUM_ADULTS,NUM_CHILDREN,DEPOSIT_AMOUNT,HOMESTAYID,GUESTID,STAFFID,BILLNO) values ('BK1049',to_date('24-OCT-23','DD-MON-RR'),to_date('26-OCT-23','DD-MON-RR'),4,1,270,'HM102','GST022','STA05','BL1029');
Insert into HOMESTAY.BOOKING (BOOKINGID,CHECKIN_DATE,CHECKOUT_DATE,NUM_ADULTS,NUM_CHILDREN,DEPOSIT_AMOUNT,HOMESTAYID,GUESTID,STAFFID,BILLNO) values ('BK1050',to_date('01-NOV-23','DD-MON-RR'),to_date('06-NOV-23','DD-MON-RR'),10,5,600,'HM101','GST023','STA06','BL1030');
Insert into HOMESTAY.BOOKING (BOOKINGID,CHECKIN_DATE,CHECKOUT_DATE,NUM_ADULTS,NUM_CHILDREN,DEPOSIT_AMOUNT,HOMESTAYID,GUESTID,STAFFID,BILLNO) values ('BK1051',to_date('07-NOV-23','DD-MON-RR'),to_date('09-NOV-23','DD-MON-RR'),6,2,330,'HM104','GST023','STA06','BL1030');
Insert into HOMESTAY.BOOKING (BOOKINGID,CHECKIN_DATE,CHECKOUT_DATE,NUM_ADULTS,NUM_CHILDREN,DEPOSIT_AMOUNT,HOMESTAYID,GUESTID,STAFFID,BILLNO) values ('BK1052',to_date('10-NOV-23','DD-MON-RR'),to_date('13-NOV-23','DD-MON-RR'),9,4,600,'HM101','GST024','STA07','BL1031');
Insert into HOMESTAY.BOOKING (BOOKINGID,CHECKIN_DATE,CHECKOUT_DATE,NUM_ADULTS,NUM_CHILDREN,DEPOSIT_AMOUNT,HOMESTAYID,GUESTID,STAFFID,BILLNO) values ('BK1053',to_date('14-NOV-23','DD-MON-RR'),to_date('18-NOV-23','DD-MON-RR'),8,4,480,'HM103','GST024','STA07','BL1031');
Insert into HOMESTAY.BOOKING (BOOKINGID,CHECKIN_DATE,CHECKOUT_DATE,NUM_ADULTS,NUM_CHILDREN,DEPOSIT_AMOUNT,HOMESTAYID,GUESTID,STAFFID,BILLNO) values ('BK1054',to_date('19-NOV-23','DD-MON-RR'),to_date('22-NOV-23','DD-MON-RR'),5,0,525,'HM104','GST025','STA08','BL1032');
Insert into HOMESTAY.BOOKING (BOOKINGID,CHECKIN_DATE,CHECKOUT_DATE,NUM_ADULTS,NUM_CHILDREN,DEPOSIT_AMOUNT,HOMESTAYID,GUESTID,STAFFID,BILLNO) values ('BK1055',to_date('23-NOV-23','DD-MON-RR'),to_date('25-NOV-23','DD-MON-RR'),6,2,330,'HM104','GST025','STA08','BL1032');
Insert into HOMESTAY.BOOKING (BOOKINGID,CHECKIN_DATE,CHECKOUT_DATE,NUM_ADULTS,NUM_CHILDREN,DEPOSIT_AMOUNT,HOMESTAYID,GUESTID,STAFFID,BILLNO) values ('BK1056',to_date('26-NOV-23','DD-MON-RR'),to_date('30-NOV-23','DD-MON-RR'),5,1,540,'HM102','GST026','STA09','BL1033');
Insert into HOMESTAY.BOOKING (BOOKINGID,CHECKIN_DATE,CHECKOUT_DATE,NUM_ADULTS,NUM_CHILDREN,DEPOSIT_AMOUNT,HOMESTAYID,GUESTID,STAFFID,BILLNO) values ('BK1057',to_date('01-DEC-23','DD-MON-RR'),to_date('04-DEC-23','DD-MON-RR'),4,1,405,'HM102','GST027','STA10','BL1034');
Insert into HOMESTAY.BOOKING (BOOKINGID,CHECKIN_DATE,CHECKOUT_DATE,NUM_ADULTS,NUM_CHILDREN,DEPOSIT_AMOUNT,HOMESTAYID,GUESTID,STAFFID,BILLNO) values ('BK1058',to_date('05-DEC-23','DD-MON-RR'),to_date('08-DEC-23','DD-MON-RR'),4,2,405,'HM102','GST027','STA10','BL1034');
Insert into HOMESTAY.BOOKING (BOOKINGID,CHECKIN_DATE,CHECKOUT_DATE,NUM_ADULTS,NUM_CHILDREN,DEPOSIT_AMOUNT,HOMESTAYID,GUESTID,STAFFID,BILLNO) values ('BK1059',to_date('10-DEC-23','DD-MON-RR'),to_date('13-DEC-23','DD-MON-RR'),12,4,360,'HM103','GST012','STA05','BL1035');
Insert into HOMESTAY.BOOKING (BOOKINGID,CHECKIN_DATE,CHECKOUT_DATE,NUM_ADULTS,NUM_CHILDREN,DEPOSIT_AMOUNT,HOMESTAYID,GUESTID,STAFFID,BILLNO) values ('BK1060',to_date('14-DEC-23','DD-MON-RR'),to_date('18-DEC-23','DD-MON-RR'),10,3,600,'HM101','GST012','STA05','BL1035');
Insert into HOMESTAY.BOOKING (BOOKINGID,CHECKIN_DATE,CHECKOUT_DATE,NUM_ADULTS,NUM_CHILDREN,DEPOSIT_AMOUNT,HOMESTAYID,GUESTID,STAFFID,BILLNO) values ('BK1061',to_date('19-DEC-23','DD-MON-RR'),to_date('21-DEC-23','DD-MON-RR'),6,1,330,'HM104','GST012','STA05','BL1035');
Insert into HOMESTAY.BOOKING (BOOKINGID,CHECKIN_DATE,CHECKOUT_DATE,NUM_ADULTS,NUM_CHILDREN,DEPOSIT_AMOUNT,HOMESTAYID,GUESTID,STAFFID,BILLNO) values ('BK1062',to_date('22-DEC-23','DD-MON-RR'),to_date('23-DEC-23','DD-MON-RR'),6,1,165,'HM104','GST012','STA05','BL1035');
Insert into HOMESTAY.BOOKING (BOOKINGID,CHECKIN_DATE,CHECKOUT_DATE,NUM_ADULTS,NUM_CHILDREN,DEPOSIT_AMOUNT,HOMESTAYID,GUESTID,STAFFID,BILLNO) values ('BK1063',to_date('25-DEC-23','DD-MON-RR'),to_date('28-DEC-23','DD-MON-RR'),12,4,360,'HM103','GST028','STA11','BL1036');
Insert into HOMESTAY.BOOKING (BOOKINGID,CHECKIN_DATE,CHECKOUT_DATE,NUM_ADULTS,NUM_CHILDREN,DEPOSIT_AMOUNT,HOMESTAYID,GUESTID,STAFFID,BILLNO) values ('BK1064',to_date('29-DEC-23','DD-MON-RR'),to_date('02-JAN-24','DD-MON-RR'),10,3,600,'HM101','GST028','STA11','BL1036');
Insert into HOMESTAY.BOOKING (BOOKINGID,CHECKIN_DATE,CHECKOUT_DATE,NUM_ADULTS,NUM_CHILDREN,DEPOSIT_AMOUNT,HOMESTAYID,GUESTID,STAFFID,BILLNO) values ('BK1065',to_date('04-JAN-24','DD-MON-RR'),to_date('07-JAN-24','DD-MON-RR'),8,2,495,'HM104','GST029','STA12','BL1037');
Insert into HOMESTAY.BOOKING (BOOKINGID,CHECKIN_DATE,CHECKOUT_DATE,NUM_ADULTS,NUM_CHILDREN,DEPOSIT_AMOUNT,HOMESTAYID,GUESTID,STAFFID,BILLNO) values ('BK1066',to_date('09-JAN-24','DD-MON-RR'),to_date('12-JAN-24','DD-MON-RR'),5,1,405,'HM102','GST030','STA13','BL1038');
Insert into HOMESTAY.BOOKING (BOOKINGID,CHECKIN_DATE,CHECKOUT_DATE,NUM_ADULTS,NUM_CHILDREN,DEPOSIT_AMOUNT,HOMESTAYID,GUESTID,STAFFID,BILLNO) values ('BK1067',to_date('13-JAN-24','DD-MON-RR'),to_date('15-JAN-24','DD-MON-RR'),4,2,270,'HM102','GST030','STA13','BL1038');
Insert into HOMESTAY.BOOKING (BOOKINGID,CHECKIN_DATE,CHECKOUT_DATE,NUM_ADULTS,NUM_CHILDREN,DEPOSIT_AMOUNT,HOMESTAYID,GUESTID,STAFFID,BILLNO) values ('BK1068',to_date('17-JAN-24','DD-MON-RR'),to_date('21-JAN-24','DD-MON-RR'),11,4,600,'HM101','GST031','STA14','BL1039');
Insert into HOMESTAY.BOOKING (BOOKINGID,CHECKIN_DATE,CHECKOUT_DATE,NUM_ADULTS,NUM_CHILDREN,DEPOSIT_AMOUNT,HOMESTAYID,GUESTID,STAFFID,BILLNO) values ('BK1069',to_date('22-JAN-24','DD-MON-RR'),to_date('25-JAN-24','DD-MON-RR'),5,2,405,'HM102','GST032','STA15','BL1040');
Insert into HOMESTAY.BOOKING (BOOKINGID,CHECKIN_DATE,CHECKOUT_DATE,NUM_ADULTS,NUM_CHILDREN,DEPOSIT_AMOUNT,HOMESTAYID,GUESTID,STAFFID,BILLNO) values ('BK1070',to_date('27-JAN-24','DD-MON-RR'),to_date('02-FEB-24','DD-MON-RR'),6,2,600,'HM101','GST033','STA16','BL1041');
Insert into HOMESTAY.BOOKING (BOOKINGID,CHECKIN_DATE,CHECKOUT_DATE,NUM_ADULTS,NUM_CHILDREN,DEPOSIT_AMOUNT,HOMESTAYID,GUESTID,STAFFID,BILLNO) values ('BK1071',to_date('03-FEB-24','DD-MON-RR'),to_date('07-FEB-24','DD-MON-RR'),4,1,480,'HM103','GST033','STA16','BL1041');
Insert into HOMESTAY.BOOKING (BOOKINGID,CHECKIN_DATE,CHECKOUT_DATE,NUM_ADULTS,NUM_CHILDREN,DEPOSIT_AMOUNT,HOMESTAYID,GUESTID,STAFFID,BILLNO) values ('BK1072',to_date('08-FEB-24','DD-MON-RR'),to_date('11-FEB-24','DD-MON-RR'),7,2,360,'HM103','GST033','STA16','BL1041');
Insert into HOMESTAY.BOOKING (BOOKINGID,CHECKIN_DATE,CHECKOUT_DATE,NUM_ADULTS,NUM_CHILDREN,DEPOSIT_AMOUNT,HOMESTAYID,GUESTID,STAFFID,BILLNO) values ('BK1073',to_date('12-FEB-24','DD-MON-RR'),to_date('15-FEB-24','DD-MON-RR'),5,2,405,'HM102','GST034','STA17','BL1042');
Insert into HOMESTAY.BOOKING (BOOKINGID,CHECKIN_DATE,CHECKOUT_DATE,NUM_ADULTS,NUM_CHILDREN,DEPOSIT_AMOUNT,HOMESTAYID,GUESTID,STAFFID,BILLNO) values ('BK1074',to_date('16-FEB-24','DD-MON-RR'),to_date('17-FEB-24','DD-MON-RR'),6,1,165,'HM104','GST034','STA17','BL1042');
Insert into HOMESTAY.BOOKING (BOOKINGID,CHECKIN_DATE,CHECKOUT_DATE,NUM_ADULTS,NUM_CHILDREN,DEPOSIT_AMOUNT,HOMESTAYID,GUESTID,STAFFID,BILLNO) values ('BK1075',to_date('19-FEB-24','DD-MON-RR'),to_date('22-FEB-24','DD-MON-RR'),4,3,990,'HM104','GST010','STA11','BL1043');
Insert into HOMESTAY.BOOKING (BOOKINGID,CHECKIN_DATE,CHECKOUT_DATE,NUM_ADULTS,NUM_CHILDREN,DEPOSIT_AMOUNT,HOMESTAYID,GUESTID,STAFFID,BILLNO) values ('BK1076',to_date('23-FEB-24','DD-MON-RR'),to_date('27-FEB-24','DD-MON-RR'),14,4,600,'HM101','GST035','STA18','BL1044');
Insert into HOMESTAY.BOOKING (BOOKINGID,CHECKIN_DATE,CHECKOUT_DATE,NUM_ADULTS,NUM_CHILDREN,DEPOSIT_AMOUNT,HOMESTAYID,GUESTID,STAFFID,BILLNO) values ('BK1077',to_date('28-FEB-24','DD-MON-RR'),to_date('04-MAR-24','DD-MON-RR'),5,1,540,'HM102','GST035','STA18','BL1044');
Insert into HOMESTAY.BOOKING (BOOKINGID,CHECKIN_DATE,CHECKOUT_DATE,NUM_ADULTS,NUM_CHILDREN,DEPOSIT_AMOUNT,HOMESTAYID,GUESTID,STAFFID,BILLNO) values ('BK1078',to_date('05-MAR-24','DD-MON-RR'),to_date('09-MAR-24','DD-MON-RR'),8,3,660,'HM104','GST035','STA18','BL1044');
Insert into HOMESTAY.BOOKING (BOOKINGID,CHECKIN_DATE,CHECKOUT_DATE,NUM_ADULTS,NUM_CHILDREN,DEPOSIT_AMOUNT,HOMESTAYID,GUESTID,STAFFID,BILLNO) values ('BK1079',to_date('11-MAR-24','DD-MON-RR'),to_date('14-MAR-24','DD-MON-RR'),10,3,720,'HM103','GST046','STA09','BL1045');
Insert into HOMESTAY.BOOKING (BOOKINGID,CHECKIN_DATE,CHECKOUT_DATE,NUM_ADULTS,NUM_CHILDREN,DEPOSIT_AMOUNT,HOMESTAYID,GUESTID,STAFFID,BILLNO) values ('BK1080',to_date('15-MAR-24','DD-MON-RR'),to_date('18-MAR-24','DD-MON-RR'),6,1,420,'HM103','GST046','STA09','BL1045');
Insert into HOMESTAY.BOOKING (BOOKINGID,CHECKIN_DATE,CHECKOUT_DATE,NUM_ADULTS,NUM_CHILDREN,DEPOSIT_AMOUNT,HOMESTAYID,GUESTID,STAFFID,BILLNO) values ('BK1081',to_date('20-MAR-24','DD-MON-RR'),to_date('23-MAR-24','DD-MON-RR'),9,3,360,'HM103','GST036','STA19','BL1046');
Insert into HOMESTAY.BOOKING (BOOKINGID,CHECKIN_DATE,CHECKOUT_DATE,NUM_ADULTS,NUM_CHILDREN,DEPOSIT_AMOUNT,HOMESTAYID,GUESTID,STAFFID,BILLNO) values ('BK1082',to_date('24-MAR-24','DD-MON-RR'),to_date('27-MAR-24','DD-MON-RR'),8,4,360,'HM103','GST036','STA19','BL1046');
Insert into HOMESTAY.BOOKING (BOOKINGID,CHECKIN_DATE,CHECKOUT_DATE,NUM_ADULTS,NUM_CHILDREN,DEPOSIT_AMOUNT,HOMESTAYID,GUESTID,STAFFID,BILLNO) values ('BK1083',to_date('29-MAR-24','DD-MON-RR'),to_date('03-APR-24','DD-MON-RR'),10,5,750,'HM101','GST037','STA20','BL1047');
Insert into HOMESTAY.BOOKING (BOOKINGID,CHECKIN_DATE,CHECKOUT_DATE,NUM_ADULTS,NUM_CHILDREN,DEPOSIT_AMOUNT,HOMESTAYID,GUESTID,STAFFID,BILLNO) values ('BK1084',to_date('04-APR-24','DD-MON-RR'),to_date('06-APR-24','DD-MON-RR'),8,2,300,'HM101','GST037','STA20','BL1047');
Insert into HOMESTAY.BOOKING (BOOKINGID,CHECKIN_DATE,CHECKOUT_DATE,NUM_ADULTS,NUM_CHILDREN,DEPOSIT_AMOUNT,HOMESTAYID,GUESTID,STAFFID,BILLNO) values ('BK1085',to_date('08-APR-24','DD-MON-RR'),to_date('12-APR-24','DD-MON-RR'),5,2,540,'HM102','GST038','STA01','BL1048');
Insert into HOMESTAY.BOOKING (BOOKINGID,CHECKIN_DATE,CHECKOUT_DATE,NUM_ADULTS,NUM_CHILDREN,DEPOSIT_AMOUNT,HOMESTAYID,GUESTID,STAFFID,BILLNO) values ('BK1086',to_date('14-APR-24','DD-MON-RR'),to_date('16-APR-24','DD-MON-RR'),6,1,330,'HM104','GST039','STA02','BL1049');
Insert into HOMESTAY.BOOKING (BOOKINGID,CHECKIN_DATE,CHECKOUT_DATE,NUM_ADULTS,NUM_CHILDREN,DEPOSIT_AMOUNT,HOMESTAYID,GUESTID,STAFFID,BILLNO) values ('BK1087',to_date('18-APR-24','DD-MON-RR'),to_date('23-APR-24','DD-MON-RR'),7,3,825,'HM104','GST040','STA03','BL1050');
Insert into HOMESTAY.BOOKING (BOOKINGID,CHECKIN_DATE,CHECKOUT_DATE,NUM_ADULTS,NUM_CHILDREN,DEPOSIT_AMOUNT,HOMESTAYID,GUESTID,STAFFID,BILLNO) values ('BK1088',to_date('25-APR-24','DD-MON-RR'),to_date('29-APR-24','DD-MON-RR'),8,3,480,'HM103','GST041','STA04','BL1051');
Insert into HOMESTAY.BOOKING (BOOKINGID,CHECKIN_DATE,CHECKOUT_DATE,NUM_ADULTS,NUM_CHILDREN,DEPOSIT_AMOUNT,HOMESTAYID,GUESTID,STAFFID,BILLNO) values ('BK1089',to_date('01-MAY-24','DD-MON-RR'),to_date('03-MAY-24','DD-MON-RR'),12,4,300,'HM101','GST042','STA05','BL1052');
Insert into HOMESTAY.BOOKING (BOOKINGID,CHECKIN_DATE,CHECKOUT_DATE,NUM_ADULTS,NUM_CHILDREN,DEPOSIT_AMOUNT,HOMESTAYID,GUESTID,STAFFID,BILLNO) values ('BK1090',to_date('05-MAY-24','DD-MON-RR'),to_date('09-MAY-24','DD-MON-RR'),7,2,660,'HM104','GST043','STA06','BL1053');
Insert into HOMESTAY.BOOKING (BOOKINGID,CHECKIN_DATE,CHECKOUT_DATE,NUM_ADULTS,NUM_CHILDREN,DEPOSIT_AMOUNT,HOMESTAYID,GUESTID,STAFFID,BILLNO) values ('BK1091',to_date('11-MAY-24','DD-MON-RR'),to_date('15-MAY-24','DD-MON-RR'),6,2,540,'HM102','GST044','STA07','BL1054');
Insert into HOMESTAY.BOOKING (BOOKINGID,CHECKIN_DATE,CHECKOUT_DATE,NUM_ADULTS,NUM_CHILDREN,DEPOSIT_AMOUNT,HOMESTAYID,GUESTID,STAFFID,BILLNO) values ('BK1092',to_date('16-MAY-24','DD-MON-RR'),to_date('20-MAY-24','DD-MON-RR'),5,1,540,'HM102','GST044','STA07','BL1054');
Insert into HOMESTAY.BOOKING (BOOKINGID,CHECKIN_DATE,CHECKOUT_DATE,NUM_ADULTS,NUM_CHILDREN,DEPOSIT_AMOUNT,HOMESTAYID,GUESTID,STAFFID,BILLNO) values ('BK1093',to_date('21-MAY-24','DD-MON-RR'),to_date('24-MAY-24','DD-MON-RR'),4,2,405,'HM102','GST044','STA07','BL1054');
Insert into HOMESTAY.BOOKING (BOOKINGID,CHECKIN_DATE,CHECKOUT_DATE,NUM_ADULTS,NUM_CHILDREN,DEPOSIT_AMOUNT,HOMESTAYID,GUESTID,STAFFID,BILLNO) values ('BK1094',to_date('26-MAY-24','DD-MON-RR'),to_date('29-MAY-24','DD-MON-RR'),15,5,450,'HM101','GST045','STA08','BL1055');
Insert into HOMESTAY.BOOKING (BOOKINGID,CHECKIN_DATE,CHECKOUT_DATE,NUM_ADULTS,NUM_CHILDREN,DEPOSIT_AMOUNT,HOMESTAYID,GUESTID,STAFFID,BILLNO) values ('BK1095',to_date('30-MAY-24','DD-MON-RR'),to_date('04-JUN-24','DD-MON-RR'),12,6,600,'HM103','GST045','STA08','BL1055');
Insert into HOMESTAY.BOOKING (BOOKINGID,CHECKIN_DATE,CHECKOUT_DATE,NUM_ADULTS,NUM_CHILDREN,DEPOSIT_AMOUNT,HOMESTAYID,GUESTID,STAFFID,BILLNO) values ('BK1096',to_date('05-JUN-24','DD-MON-RR'),to_date('07-JUN-24','DD-MON-RR'),14,3,300,'HM101','GST045','STA08','BL1055');
Insert into HOMESTAY.BOOKING (BOOKINGID,CHECKIN_DATE,CHECKOUT_DATE,NUM_ADULTS,NUM_CHILDREN,DEPOSIT_AMOUNT,HOMESTAYID,GUESTID,STAFFID,BILLNO) values ('BK1097',to_date('09-JUN-24','DD-MON-RR'),to_date('12-JUN-24','DD-MON-RR'),7,1,405,'HM102','GST046','STA09','BL1056');
Insert into HOMESTAY.BOOKING (BOOKINGID,CHECKIN_DATE,CHECKOUT_DATE,NUM_ADULTS,NUM_CHILDREN,DEPOSIT_AMOUNT,HOMESTAYID,GUESTID,STAFFID,BILLNO) values ('BK1098',to_date('14-JUN-24','DD-MON-RR'),to_date('17-JUN-24','DD-MON-RR'),6,1,495,'HM104','GST046','STA09','BL1056');
Insert into HOMESTAY.BOOKING (BOOKINGID,CHECKIN_DATE,CHECKOUT_DATE,NUM_ADULTS,NUM_CHILDREN,DEPOSIT_AMOUNT,HOMESTAYID,GUESTID,STAFFID,BILLNO) values ('BK1099',to_date('18-JUN-24','DD-MON-RR'),to_date('20-JUN-24','DD-MON-RR'),10,3,240,'HM103','GST046','STA09','BL1056');
Insert into HOMESTAY.BOOKING (BOOKINGID,CHECKIN_DATE,CHECKOUT_DATE,NUM_ADULTS,NUM_CHILDREN,DEPOSIT_AMOUNT,HOMESTAYID,GUESTID,STAFFID,BILLNO) values ('BK1100',to_date('22-JUN-24','DD-MON-RR'),to_date('25-JUN-24','DD-MON-RR'),7,1,495,'HM104','GST047','STA10','BL1057');
Insert into HOMESTAY.BOOKING (BOOKINGID,CHECKIN_DATE,CHECKOUT_DATE,NUM_ADULTS,NUM_CHILDREN,DEPOSIT_AMOUNT,HOMESTAYID,GUESTID,STAFFID,BILLNO) values ('BK1101',to_date('27-JUN-24','DD-MON-RR'),to_date('29-JUN-24','DD-MON-RR'),8,3,240,'HM103','GST048','STA11','BL1058');
Insert into HOMESTAY.BOOKING (BOOKINGID,CHECKIN_DATE,CHECKOUT_DATE,NUM_ADULTS,NUM_CHILDREN,DEPOSIT_AMOUNT,HOMESTAYID,GUESTID,STAFFID,BILLNO) values ('BK1102',to_date('01-JUL-24','DD-MON-RR'),to_date('06-JUL-24','DD-MON-RR'),13,5,600,'HM101','GST049','STA12','BL1059');
Insert into HOMESTAY.BOOKING (BOOKINGID,CHECKIN_DATE,CHECKOUT_DATE,NUM_ADULTS,NUM_CHILDREN,DEPOSIT_AMOUNT,HOMESTAYID,GUESTID,STAFFID,BILLNO) values ('BK1103',to_date('07-JUL-24','DD-MON-RR'),to_date('08-JUL-24','DD-MON-RR'),12,2,150,'HM101','GST049','STA12','BL1059');
Insert into HOMESTAY.BOOKING (BOOKINGID,CHECKIN_DATE,CHECKOUT_DATE,NUM_ADULTS,NUM_CHILDREN,DEPOSIT_AMOUNT,HOMESTAYID,GUESTID,STAFFID,BILLNO) values ('BK1104',to_date('10-JUL-24','DD-MON-RR'),to_date('12-JUL-24','DD-MON-RR'),10,3,360,'HM103','GST050','STA13','BL1060');
Insert into HOMESTAY.BOOKING (BOOKINGID,CHECKIN_DATE,CHECKOUT_DATE,NUM_ADULTS,NUM_CHILDREN,DEPOSIT_AMOUNT,HOMESTAYID,GUESTID,STAFFID,BILLNO) values ('BK1105',to_date('13-JUL-24','DD-MON-RR'),to_date('16-JUL-24','DD-MON-RR'),9,4,360,'HM103','GST050','STA13','BL1060');
Insert into HOMESTAY.BOOKING (BOOKINGID,CHECKIN_DATE,CHECKOUT_DATE,NUM_ADULTS,NUM_CHILDREN,DEPOSIT_AMOUNT,HOMESTAYID,GUESTID,STAFFID,BILLNO) values ('BK1106',to_date('17-JUL-24','DD-MON-RR'),to_date('20-JUL-24','DD-MON-RR'),8,4,240,'HM103','GST050','STA13','BL1060');
Insert into HOMESTAY.BOOKING (BOOKINGID,CHECKIN_DATE,CHECKOUT_DATE,NUM_ADULTS,NUM_CHILDREN,DEPOSIT_AMOUNT,HOMESTAYID,GUESTID,STAFFID,BILLNO) values ('BK1107',to_date('22-JUL-24','DD-MON-RR'),to_date('26-JUL-24','DD-MON-RR'),13,5,600,'HM101','GST051','STA14','BL1061');
Insert into HOMESTAY.BOOKING (BOOKINGID,CHECKIN_DATE,CHECKOUT_DATE,NUM_ADULTS,NUM_CHILDREN,DEPOSIT_AMOUNT,HOMESTAYID,GUESTID,STAFFID,BILLNO) values ('BK1108',to_date('01-AUG-24','DD-MON-RR'),to_date('04-AUG-24','DD-MON-RR'),12,2,450,'HM101','GST052','STA15','BL1062');
Insert into HOMESTAY.BOOKING (BOOKINGID,CHECKIN_DATE,CHECKOUT_DATE,NUM_ADULTS,NUM_CHILDREN,DEPOSIT_AMOUNT,HOMESTAYID,GUESTID,STAFFID,BILLNO) values ('BK1109',to_date('06-AUG-24','DD-MON-RR'),to_date('10-AUG-24','DD-MON-RR'),6,2,660,'HM104','GST053','STA16','BL1063');
Insert into HOMESTAY.BOOKING (BOOKINGID,CHECKIN_DATE,CHECKOUT_DATE,NUM_ADULTS,NUM_CHILDREN,DEPOSIT_AMOUNT,HOMESTAYID,GUESTID,STAFFID,BILLNO) values ('BK1110',to_date('12-AUG-24','DD-MON-RR'),to_date('15-AUG-24','DD-MON-RR'),4,2,405,'HM102','GST054','STA17','BL1064');
Insert into HOMESTAY.BOOKING (BOOKINGID,CHECKIN_DATE,CHECKOUT_DATE,NUM_ADULTS,NUM_CHILDREN,DEPOSIT_AMOUNT,HOMESTAYID,GUESTID,STAFFID,BILLNO) values ('BK1111',to_date('17-AUG-24','DD-MON-RR'),to_date('20-AUG-24','DD-MON-RR'),5,1,540,'HM102','GST055','STA18','BL1065');
Insert into HOMESTAY.BOOKING (BOOKINGID,CHECKIN_DATE,CHECKOUT_DATE,NUM_ADULTS,NUM_CHILDREN,DEPOSIT_AMOUNT,HOMESTAYID,GUESTID,STAFFID,BILLNO) values ('BK1112',to_date('01-SEP-24','DD-MON-RR'),to_date('06-SEP-24','DD-MON-RR'),10,5,750,'HM101','GST003','STA09','BL1066');
Insert into HOMESTAY.BOOKING (BOOKINGID,CHECKIN_DATE,CHECKOUT_DATE,NUM_ADULTS,NUM_CHILDREN,DEPOSIT_AMOUNT,HOMESTAYID,GUESTID,STAFFID,BILLNO) values ('BK1113',to_date('07-SEP-24','DD-MON-RR'),to_date('11-SEP-24','DD-MON-RR'),6,2,405,'HM102','GST003','STA09','BL1066');
Insert into HOMESTAY.BOOKING (BOOKINGID,CHECKIN_DATE,CHECKOUT_DATE,NUM_ADULTS,NUM_CHILDREN,DEPOSIT_AMOUNT,HOMESTAYID,GUESTID,STAFFID,BILLNO) values ('BK1163',to_date('08-JAN-26','DD-MON-RR'),to_date('11-JAN-26','DD-MON-RR'),7,2,450,'HM101','GST022','STA05','BL1084');
Insert into HOMESTAY.BOOKING (BOOKINGID,CHECKIN_DATE,CHECKOUT_DATE,NUM_ADULTS,NUM_CHILDREN,DEPOSIT_AMOUNT,HOMESTAYID,GUESTID,STAFFID,BILLNO) values ('BK1164',to_date('15-JAN-26','DD-MON-RR'),to_date('18-JAN-26','DD-MON-RR'),6,2,405,'HM102','GST024','STA07','BL1085');
Insert into HOMESTAY.BOOKING (BOOKINGID,CHECKIN_DATE,CHECKOUT_DATE,NUM_ADULTS,NUM_CHILDREN,DEPOSIT_AMOUNT,HOMESTAYID,GUESTID,STAFFID,BILLNO) values ('BK1165',to_date('19-JAN-26','DD-MON-RR'),to_date('22-JAN-26','DD-MON-RR'),6,2,405,'HM102','GST024','STA07','BL1085');
Insert into HOMESTAY.BOOKING (BOOKINGID,CHECKIN_DATE,CHECKOUT_DATE,NUM_ADULTS,NUM_CHILDREN,DEPOSIT_AMOUNT,HOMESTAYID,GUESTID,STAFFID,BILLNO) values ('BK1166',to_date('01-FEB-26','DD-MON-RR'),to_date('04-FEB-26','DD-MON-RR'),5,1,405,'HM102','GST026','STA09','BL1086');
Insert into HOMESTAY.BOOKING (BOOKINGID,CHECKIN_DATE,CHECKOUT_DATE,NUM_ADULTS,NUM_CHILDREN,DEPOSIT_AMOUNT,HOMESTAYID,GUESTID,STAFFID,BILLNO) values ('BK1167',to_date('05-FEB-26','DD-MON-RR'),to_date('08-FEB-26','DD-MON-RR'),6,1,405,'HM102','GST026','STA09','BL1086');
Insert into HOMESTAY.BOOKING (BOOKINGID,CHECKIN_DATE,CHECKOUT_DATE,NUM_ADULTS,NUM_CHILDREN,DEPOSIT_AMOUNT,HOMESTAYID,GUESTID,STAFFID,BILLNO) values ('BK1168',to_date('15-FEB-26','DD-MON-RR'),to_date('18-FEB-26','DD-MON-RR'),6,2,450,'HM101','GST031','STA14','BL1087');
Insert into HOMESTAY.BOOKING (BOOKINGID,CHECKIN_DATE,CHECKOUT_DATE,NUM_ADULTS,NUM_CHILDREN,DEPOSIT_AMOUNT,HOMESTAYID,GUESTID,STAFFID,BILLNO) values ('BK1169',to_date('20-FEB-26','DD-MON-RR'),to_date('23-FEB-26','DD-MON-RR'),6,1,405,'HM102','GST032','STA15','BL1088');
Insert into HOMESTAY.BOOKING (BOOKINGID,CHECKIN_DATE,CHECKOUT_DATE,NUM_ADULTS,NUM_CHILDREN,DEPOSIT_AMOUNT,HOMESTAYID,GUESTID,STAFFID,BILLNO) values ('BK1170',to_date('01-MAR-26','DD-MON-RR'),to_date('04-MAR-26','DD-MON-RR'),6,2,450,'HM101','GST040','STA03','BL1089');
Insert into HOMESTAY.BOOKING (BOOKINGID,CHECKIN_DATE,CHECKOUT_DATE,NUM_ADULTS,NUM_CHILDREN,DEPOSIT_AMOUNT,HOMESTAYID,GUESTID,STAFFID,BILLNO) values ('BK1171',to_date('10-MAR-26','DD-MON-RR'),to_date('13-MAR-26','DD-MON-RR'),6,2,450,'HM101','GST042','STA05','BL1090');
Insert into HOMESTAY.BOOKING (BOOKINGID,CHECKIN_DATE,CHECKOUT_DATE,NUM_ADULTS,NUM_CHILDREN,DEPOSIT_AMOUNT,HOMESTAYID,GUESTID,STAFFID,BILLNO) values ('BK1172',to_date('20-MAR-26','DD-MON-RR'),to_date('23-MAR-26','DD-MON-RR'),10,3,600,'HM103','GST045','STA08','BL1091');
Insert into HOMESTAY.BOOKING (BOOKINGID,CHECKIN_DATE,CHECKOUT_DATE,NUM_ADULTS,NUM_CHILDREN,DEPOSIT_AMOUNT,HOMESTAYID,GUESTID,STAFFID,BILLNO) values ('BK1173',to_date('01-APR-26','DD-MON-RR'),to_date('04-APR-26','DD-MON-RR'),12,3,900,'HM101','GST046','STA09','BL1092');
Insert into HOMESTAY.BOOKING (BOOKINGID,CHECKIN_DATE,CHECKOUT_DATE,NUM_ADULTS,NUM_CHILDREN,DEPOSIT_AMOUNT,HOMESTAYID,GUESTID,STAFFID,BILLNO) values ('BK1174',to_date('05-APR-26','DD-MON-RR'),to_date('08-APR-26','DD-MON-RR'),10,2,750,'HM101','GST046','STA09','BL1092');
Insert into HOMESTAY.BOOKING (BOOKINGID,CHECKIN_DATE,CHECKOUT_DATE,NUM_ADULTS,NUM_CHILDREN,DEPOSIT_AMOUNT,HOMESTAYID,GUESTID,STAFFID,BILLNO) values ('BK1175',to_date('01-MAY-26','DD-MON-RR'),to_date('04-MAY-26','DD-MON-RR'),6,1,450,'HM101','GST051','STA14','BL1093');
Insert into HOMESTAY.BOOKING (BOOKINGID,CHECKIN_DATE,CHECKOUT_DATE,NUM_ADULTS,NUM_CHILDREN,DEPOSIT_AMOUNT,HOMESTAYID,GUESTID,STAFFID,BILLNO) values ('BK1176',to_date('10-MAY-26','DD-MON-RR'),to_date('13-MAY-26','DD-MON-RR'),6,2,660,'HM104','GST053','STA16','BL1094');
Insert into HOMESTAY.BOOKING (BOOKINGID,CHECKIN_DATE,CHECKOUT_DATE,NUM_ADULTS,NUM_CHILDREN,DEPOSIT_AMOUNT,HOMESTAYID,GUESTID,STAFFID,BILLNO) values ('BK1177',to_date('20-MAY-26','DD-MON-RR'),to_date('23-MAY-26','DD-MON-RR'),5,1,405,'HM102','GST055','STA18','BL1095');
Insert into HOMESTAY.BOOKING (BOOKINGID,CHECKIN_DATE,CHECKOUT_DATE,NUM_ADULTS,NUM_CHILDREN,DEPOSIT_AMOUNT,HOMESTAYID,GUESTID,STAFFID,BILLNO) values ('BK1114',to_date('12-SEP-24','DD-MON-RR'),to_date('16-SEP-24','DD-MON-RR'),6,3,480,'HM103','GST003','STA09','BL1066');
Insert into HOMESTAY.BOOKING (BOOKINGID,CHECKIN_DATE,CHECKOUT_DATE,NUM_ADULTS,NUM_CHILDREN,DEPOSIT_AMOUNT,HOMESTAYID,GUESTID,STAFFID,BILLNO) values ('BK1115',to_date('17-SEP-24','DD-MON-RR'),to_date('18-SEP-24','DD-MON-RR'),6,1,165,'HM104','GST003','STA09','BL1066');
Insert into HOMESTAY.BOOKING (BOOKINGID,CHECKIN_DATE,CHECKOUT_DATE,NUM_ADULTS,NUM_CHILDREN,DEPOSIT_AMOUNT,HOMESTAYID,GUESTID,STAFFID,BILLNO) values ('BK1116',to_date('01-OCT-24','DD-MON-RR'),to_date('04-OCT-24','DD-MON-RR'),10,5,450,'HM101','GST005','STA01','BL1067');
Insert into HOMESTAY.BOOKING (BOOKINGID,CHECKIN_DATE,CHECKOUT_DATE,NUM_ADULTS,NUM_CHILDREN,DEPOSIT_AMOUNT,HOMESTAYID,GUESTID,STAFFID,BILLNO) values ('BK1117',to_date('05-OCT-24','DD-MON-RR'),to_date('08-OCT-24','DD-MON-RR'),4,2,405,'HM102','GST005','STA01','BL1067');
Insert into HOMESTAY.BOOKING (BOOKINGID,CHECKIN_DATE,CHECKOUT_DATE,NUM_ADULTS,NUM_CHILDREN,DEPOSIT_AMOUNT,HOMESTAYID,GUESTID,STAFFID,BILLNO) values ('BK1118',to_date('09-OCT-24','DD-MON-RR'),to_date('10-OCT-24','DD-MON-RR'),6,1,165,'HM104','GST005','STA01','BL1067');
Insert into HOMESTAY.BOOKING (BOOKINGID,CHECKIN_DATE,CHECKOUT_DATE,NUM_ADULTS,NUM_CHILDREN,DEPOSIT_AMOUNT,HOMESTAYID,GUESTID,STAFFID,BILLNO) values ('BK1119',to_date('12-OCT-24','DD-MON-RR'),to_date('15-OCT-24','DD-MON-RR'),6,2,300,'HM101','GST011','STA12','BL1068');
Insert into HOMESTAY.BOOKING (BOOKINGID,CHECKIN_DATE,CHECKOUT_DATE,NUM_ADULTS,NUM_CHILDREN,DEPOSIT_AMOUNT,HOMESTAYID,GUESTID,STAFFID,BILLNO) values ('BK1120',to_date('16-OCT-24','DD-MON-RR'),to_date('19-OCT-24','DD-MON-RR'),4,1,405,'HM102','GST011','STA12','BL1068');
Insert into HOMESTAY.BOOKING (BOOKINGID,CHECKIN_DATE,CHECKOUT_DATE,NUM_ADULTS,NUM_CHILDREN,DEPOSIT_AMOUNT,HOMESTAYID,GUESTID,STAFFID,BILLNO) values ('BK1121',to_date('20-OCT-24','DD-MON-RR'),to_date('23-OCT-24','DD-MON-RR'),5,1,330,'HM104','GST011','STA12','BL1068');
Insert into HOMESTAY.BOOKING (BOOKINGID,CHECKIN_DATE,CHECKOUT_DATE,NUM_ADULTS,NUM_CHILDREN,DEPOSIT_AMOUNT,HOMESTAYID,GUESTID,STAFFID,BILLNO) values ('BK1122',to_date('24-OCT-24','DD-MON-RR'),to_date('25-OCT-24','DD-MON-RR'),6,2,150,'HM101','GST011','STA12','BL1068');
Insert into HOMESTAY.BOOKING (BOOKINGID,CHECKIN_DATE,CHECKOUT_DATE,NUM_ADULTS,NUM_CHILDREN,DEPOSIT_AMOUNT,HOMESTAYID,GUESTID,STAFFID,BILLNO) values ('BK1123',to_date('01-NOV-24','DD-MON-RR'),to_date('04-NOV-24','DD-MON-RR'),6,2,600,'HM101','GST012','STA05','BL1069');
Insert into HOMESTAY.BOOKING (BOOKINGID,CHECKIN_DATE,CHECKOUT_DATE,NUM_ADULTS,NUM_CHILDREN,DEPOSIT_AMOUNT,HOMESTAYID,GUESTID,STAFFID,BILLNO) values ('BK1124',to_date('05-NOV-24','DD-MON-RR'),to_date('09-NOV-24','DD-MON-RR'),4,1,480,'HM103','GST012','STA05','BL1069');
Insert into HOMESTAY.BOOKING (BOOKINGID,CHECKIN_DATE,CHECKOUT_DATE,NUM_ADULTS,NUM_CHILDREN,DEPOSIT_AMOUNT,HOMESTAYID,GUESTID,STAFFID,BILLNO) values ('BK1125',to_date('10-NOV-24','DD-MON-RR'),to_date('13-NOV-24','DD-MON-RR'),7,2,360,'HM103','GST012','STA05','BL1069');
Insert into HOMESTAY.BOOKING (BOOKINGID,CHECKIN_DATE,CHECKOUT_DATE,NUM_ADULTS,NUM_CHILDREN,DEPOSIT_AMOUNT,HOMESTAYID,GUESTID,STAFFID,BILLNO) values ('BK1126',to_date('15-NOV-24','DD-MON-RR'),to_date('18-NOV-24','DD-MON-RR'),10,4,450,'HM101','GST020','STA03','BL1070');
Insert into HOMESTAY.BOOKING (BOOKINGID,CHECKIN_DATE,CHECKOUT_DATE,NUM_ADULTS,NUM_CHILDREN,DEPOSIT_AMOUNT,HOMESTAYID,GUESTID,STAFFID,BILLNO) values ('BK1127',to_date('19-NOV-24','DD-MON-RR'),to_date('22-NOV-24','DD-MON-RR'),4,2,405,'HM102','GST020','STA03','BL1070');
Insert into HOMESTAY.BOOKING (BOOKINGID,CHECKIN_DATE,CHECKOUT_DATE,NUM_ADULTS,NUM_CHILDREN,DEPOSIT_AMOUNT,HOMESTAYID,GUESTID,STAFFID,BILLNO) values ('BK1128',to_date('23-NOV-24','DD-MON-RR'),to_date('26-NOV-24','DD-MON-RR'),6,1,495,'HM104','GST020','STA03','BL1070');
Insert into HOMESTAY.BOOKING (BOOKINGID,CHECKIN_DATE,CHECKOUT_DATE,NUM_ADULTS,NUM_CHILDREN,DEPOSIT_AMOUNT,HOMESTAYID,GUESTID,STAFFID,BILLNO) values ('BK1129',to_date('01-DEC-24','DD-MON-RR'),to_date('03-DEC-24','DD-MON-RR'),4,2,270,'HM102','GST024','STA07','BL1071');
Insert into HOMESTAY.BOOKING (BOOKINGID,CHECKIN_DATE,CHECKOUT_DATE,NUM_ADULTS,NUM_CHILDREN,DEPOSIT_AMOUNT,HOMESTAYID,GUESTID,STAFFID,BILLNO) values ('BK1130',to_date('04-DEC-24','DD-MON-RR'),to_date('06-DEC-24','DD-MON-RR'),5,1,270,'HM102','GST024','STA07','BL1071');
Insert into HOMESTAY.BOOKING (BOOKINGID,CHECKIN_DATE,CHECKOUT_DATE,NUM_ADULTS,NUM_CHILDREN,DEPOSIT_AMOUNT,HOMESTAYID,GUESTID,STAFFID,BILLNO) values ('BK1131',to_date('07-DEC-24','DD-MON-RR'),to_date('09-DEC-24','DD-MON-RR'),5,1,270,'HM102','GST024','STA07','BL1071');
Insert into HOMESTAY.BOOKING (BOOKINGID,CHECKIN_DATE,CHECKOUT_DATE,NUM_ADULTS,NUM_CHILDREN,DEPOSIT_AMOUNT,HOMESTAYID,GUESTID,STAFFID,BILLNO) values ('BK1132',to_date('02-JAN-25','DD-MON-RR'),to_date('05-JAN-25','DD-MON-RR'),6,2,405,'HM102','GST028','STA11','BL1072');
Insert into HOMESTAY.BOOKING (BOOKINGID,CHECKIN_DATE,CHECKOUT_DATE,NUM_ADULTS,NUM_CHILDREN,DEPOSIT_AMOUNT,HOMESTAYID,GUESTID,STAFFID,BILLNO) values ('BK1133',to_date('06-JAN-25','DD-MON-RR'),to_date('09-JAN-25','DD-MON-RR'),6,2,405,'HM102','GST028','STA11','BL1072');
Insert into HOMESTAY.BOOKING (BOOKINGID,CHECKIN_DATE,CHECKOUT_DATE,NUM_ADULTS,NUM_CHILDREN,DEPOSIT_AMOUNT,HOMESTAYID,GUESTID,STAFFID,BILLNO) values ('BK1134',to_date('10-JAN-25','DD-MON-RR'),to_date('13-JAN-25','DD-MON-RR'),6,2,405,'HM102','GST028','STA11','BL1072');
Insert into HOMESTAY.BOOKING (BOOKINGID,CHECKIN_DATE,CHECKOUT_DATE,NUM_ADULTS,NUM_CHILDREN,DEPOSIT_AMOUNT,HOMESTAYID,GUESTID,STAFFID,BILLNO) values ('BK1135',to_date('14-JAN-25','DD-MON-RR'),to_date('17-JAN-25','DD-MON-RR'),6,2,405,'HM102','GST028','STA11','BL1072');
Insert into HOMESTAY.BOOKING (BOOKINGID,CHECKIN_DATE,CHECKOUT_DATE,NUM_ADULTS,NUM_CHILDREN,DEPOSIT_AMOUNT,HOMESTAYID,GUESTID,STAFFID,BILLNO) values ('BK1136',to_date('01-FEB-25','DD-MON-RR'),to_date('04-FEB-25','DD-MON-RR'),10,5,450,'HM101','GST035','STA18','BL1073');
Insert into HOMESTAY.BOOKING (BOOKINGID,CHECKIN_DATE,CHECKOUT_DATE,NUM_ADULTS,NUM_CHILDREN,DEPOSIT_AMOUNT,HOMESTAYID,GUESTID,STAFFID,BILLNO) values ('BK1137',to_date('05-FEB-25','DD-MON-RR'),to_date('08-FEB-25','DD-MON-RR'),8,3,495,'HM104','GST035','STA18','BL1073');
Insert into HOMESTAY.BOOKING (BOOKINGID,CHECKIN_DATE,CHECKOUT_DATE,NUM_ADULTS,NUM_CHILDREN,DEPOSIT_AMOUNT,HOMESTAYID,GUESTID,STAFFID,BILLNO) values ('BK1138',to_date('09-FEB-25','DD-MON-RR'),to_date('12-FEB-25','DD-MON-RR'),5,1,495,'HM104','GST035','STA18','BL1073');
Insert into HOMESTAY.BOOKING (BOOKINGID,CHECKIN_DATE,CHECKOUT_DATE,NUM_ADULTS,NUM_CHILDREN,DEPOSIT_AMOUNT,HOMESTAYID,GUESTID,STAFFID,BILLNO) values ('BK1139',to_date('01-MAR-25','DD-MON-RR'),to_date('04-MAR-25','DD-MON-RR'),9,3,360,'HM103','GST037','STA20','BL1074');
Insert into HOMESTAY.BOOKING (BOOKINGID,CHECKIN_DATE,CHECKOUT_DATE,NUM_ADULTS,NUM_CHILDREN,DEPOSIT_AMOUNT,HOMESTAYID,GUESTID,STAFFID,BILLNO) values ('BK1140',to_date('05-MAR-25','DD-MON-RR'),to_date('08-MAR-25','DD-MON-RR'),8,4,360,'HM103','GST037','STA20','BL1074');
Insert into HOMESTAY.BOOKING (BOOKINGID,CHECKIN_DATE,CHECKOUT_DATE,NUM_ADULTS,NUM_CHILDREN,DEPOSIT_AMOUNT,HOMESTAYID,GUESTID,STAFFID,BILLNO) values ('BK1141',to_date('09-MAR-25','DD-MON-RR'),to_date('12-MAR-25','DD-MON-RR'),8,4,450,'HM101','GST037','STA20','BL1074');
Insert into HOMESTAY.BOOKING (BOOKINGID,CHECKIN_DATE,CHECKOUT_DATE,NUM_ADULTS,NUM_CHILDREN,DEPOSIT_AMOUNT,HOMESTAYID,GUESTID,STAFFID,BILLNO) values ('BK1142',to_date('13-MAR-25','DD-MON-RR'),to_date('15-MAR-25','DD-MON-RR'),8,4,450,'HM101','GST037','STA20','BL1074');
Insert into HOMESTAY.BOOKING (BOOKINGID,CHECKIN_DATE,CHECKOUT_DATE,NUM_ADULTS,NUM_CHILDREN,DEPOSIT_AMOUNT,HOMESTAYID,GUESTID,STAFFID,BILLNO) values ('BK1143',to_date('01-APR-25','DD-MON-RR'),to_date('04-APR-25','DD-MON-RR'),15,5,450,'HM101','GST045','STA08','BL1075');
Insert into HOMESTAY.BOOKING (BOOKINGID,CHECKIN_DATE,CHECKOUT_DATE,NUM_ADULTS,NUM_CHILDREN,DEPOSIT_AMOUNT,HOMESTAYID,GUESTID,STAFFID,BILLNO) values ('BK1144',to_date('05-APR-25','DD-MON-RR'),to_date('10-APR-25','DD-MON-RR'),12,6,600,'HM103','GST045','STA08','BL1075');
Insert into HOMESTAY.BOOKING (BOOKINGID,CHECKIN_DATE,CHECKOUT_DATE,NUM_ADULTS,NUM_CHILDREN,DEPOSIT_AMOUNT,HOMESTAYID,GUESTID,STAFFID,BILLNO) values ('BK1145',to_date('01-MAY-25','DD-MON-RR'),to_date('04-MAY-25','DD-MON-RR'),6,2,450,'HM101','GST046','STA09','BL1076');
Insert into HOMESTAY.BOOKING (BOOKINGID,CHECKIN_DATE,CHECKOUT_DATE,NUM_ADULTS,NUM_CHILDREN,DEPOSIT_AMOUNT,HOMESTAYID,GUESTID,STAFFID,BILLNO) values ('BK1146',to_date('05-MAY-25','DD-MON-RR'),to_date('07-MAY-25','DD-MON-RR'),5,1,225,'HM102','GST046','STA09','BL1076');
Insert into HOMESTAY.BOOKING (BOOKINGID,CHECKIN_DATE,CHECKOUT_DATE,NUM_ADULTS,NUM_CHILDREN,DEPOSIT_AMOUNT,HOMESTAYID,GUESTID,STAFFID,BILLNO) values ('BK1147',to_date('01-JUN-25','DD-MON-RR'),to_date('04-JUN-25','DD-MON-RR'),5,2,405,'HM102','GST005','STA02','BL1077');
Insert into HOMESTAY.BOOKING (BOOKINGID,CHECKIN_DATE,CHECKOUT_DATE,NUM_ADULTS,NUM_CHILDREN,DEPOSIT_AMOUNT,HOMESTAYID,GUESTID,STAFFID,BILLNO) values ('BK1148',to_date('05-JUN-25','DD-MON-RR'),to_date('08-JUN-25','DD-MON-RR'),6,2,405,'HM102','GST005','STA02','BL1077');
Insert into HOMESTAY.BOOKING (BOOKINGID,CHECKIN_DATE,CHECKOUT_DATE,NUM_ADULTS,NUM_CHILDREN,DEPOSIT_AMOUNT,HOMESTAYID,GUESTID,STAFFID,BILLNO) values ('BK1149',to_date('01-JUL-25','DD-MON-RR'),to_date('04-JUL-25','DD-MON-RR'),6,2,300,'HM101','GST011','STA03','BL1078');
Insert into HOMESTAY.BOOKING (BOOKINGID,CHECKIN_DATE,CHECKOUT_DATE,NUM_ADULTS,NUM_CHILDREN,DEPOSIT_AMOUNT,HOMESTAYID,GUESTID,STAFFID,BILLNO) values ('BK1150',to_date('05-JUL-25','DD-MON-RR'),to_date('08-JUL-25','DD-MON-RR'),4,1,405,'HM102','GST011','STA03','BL1078');
Insert into HOMESTAY.BOOKING (BOOKINGID,CHECKIN_DATE,CHECKOUT_DATE,NUM_ADULTS,NUM_CHILDREN,DEPOSIT_AMOUNT,HOMESTAYID,GUESTID,STAFFID,BILLNO) values ('BK1151',to_date('09-JUL-25','DD-MON-RR'),to_date('12-JUL-25','DD-MON-RR'),5,1,330,'HM104','GST011','STA03','BL1078');
Insert into HOMESTAY.BOOKING (BOOKINGID,CHECKIN_DATE,CHECKOUT_DATE,NUM_ADULTS,NUM_CHILDREN,DEPOSIT_AMOUNT,HOMESTAYID,GUESTID,STAFFID,BILLNO) values ('BK1152',to_date('01-AUG-25','DD-MON-RR'),to_date('04-AUG-25','DD-MON-RR'),6,3,360,'HM103','GST020','STA06','BL1079');
Insert into HOMESTAY.BOOKING (BOOKINGID,CHECKIN_DATE,CHECKOUT_DATE,NUM_ADULTS,NUM_CHILDREN,DEPOSIT_AMOUNT,HOMESTAYID,GUESTID,STAFFID,BILLNO) values ('BK1153',to_date('05-AUG-25','DD-MON-RR'),to_date('08-AUG-25','DD-MON-RR'),8,4,360,'HM103','GST020','STA06','BL1079');
Insert into HOMESTAY.BOOKING (BOOKINGID,CHECKIN_DATE,CHECKOUT_DATE,NUM_ADULTS,NUM_CHILDREN,DEPOSIT_AMOUNT,HOMESTAYID,GUESTID,STAFFID,BILLNO) values ('BK1154',to_date('09-AUG-25','DD-MON-RR'),to_date('11-AUG-25','DD-MON-RR'),5,1,270,'HM102','GST020','STA06','BL1079');
Insert into HOMESTAY.BOOKING (BOOKINGID,CHECKIN_DATE,CHECKOUT_DATE,NUM_ADULTS,NUM_CHILDREN,DEPOSIT_AMOUNT,HOMESTAYID,GUESTID,STAFFID,BILLNO) values ('BK1155',to_date('01-SEP-25','DD-MON-RR'),to_date('04-SEP-25','DD-MON-RR'),6,2,450,'HM101','GST046','STA08','BL1080');
Insert into HOMESTAY.BOOKING (BOOKINGID,CHECKIN_DATE,CHECKOUT_DATE,NUM_ADULTS,NUM_CHILDREN,DEPOSIT_AMOUNT,HOMESTAYID,GUESTID,STAFFID,BILLNO) values ('BK1156',to_date('05-SEP-25','DD-MON-RR'),to_date('07-SEP-25','DD-MON-RR'),5,1,225,'HM102','GST046','STA08','BL1080');
Insert into HOMESTAY.BOOKING (BOOKINGID,CHECKIN_DATE,CHECKOUT_DATE,NUM_ADULTS,NUM_CHILDREN,DEPOSIT_AMOUNT,HOMESTAYID,GUESTID,STAFFID,BILLNO) values ('BK1157',to_date('01-OCT-25','DD-MON-RR'),to_date('04-OCT-25','DD-MON-RR'),10,0,1350,'HM102','GST003','STA01','BL1081');
Insert into HOMESTAY.BOOKING (BOOKINGID,CHECKIN_DATE,CHECKOUT_DATE,NUM_ADULTS,NUM_CHILDREN,DEPOSIT_AMOUNT,HOMESTAYID,GUESTID,STAFFID,BILLNO) values ('BK1158',to_date('01-NOV-25','DD-MON-RR'),to_date('05-NOV-25','DD-MON-RR'),10,2,720,'HM103','GST017','STA18','BL1082');
Insert into HOMESTAY.BOOKING (BOOKINGID,CHECKIN_DATE,CHECKOUT_DATE,NUM_ADULTS,NUM_CHILDREN,DEPOSIT_AMOUNT,HOMESTAYID,GUESTID,STAFFID,BILLNO) values ('BK1159',to_date('06-NOV-25','DD-MON-RR'),to_date('09-NOV-25','DD-MON-RR'),8,1,600,'HM103','GST017','STA18','BL1082');
Insert into HOMESTAY.BOOKING (BOOKINGID,CHECKIN_DATE,CHECKOUT_DATE,NUM_ADULTS,NUM_CHILDREN,DEPOSIT_AMOUNT,HOMESTAYID,GUESTID,STAFFID,BILLNO) values ('BK1160',to_date('01-DEC-25','DD-MON-RR'),to_date('05-DEC-25','DD-MON-RR'),12,3,900,'HM101','GST020','STA03','BL1083');
Insert into HOMESTAY.BOOKING (BOOKINGID,CHECKIN_DATE,CHECKOUT_DATE,NUM_ADULTS,NUM_CHILDREN,DEPOSIT_AMOUNT,HOMESTAYID,GUESTID,STAFFID,BILLNO) values ('BK1161',to_date('06-DEC-25','DD-MON-RR'),to_date('09-DEC-25','DD-MON-RR'),10,2,750,'HM101','GST020','STA03','BL1083');
Insert into HOMESTAY.BOOKING (BOOKINGID,CHECKIN_DATE,CHECKOUT_DATE,NUM_ADULTS,NUM_CHILDREN,DEPOSIT_AMOUNT,HOMESTAYID,GUESTID,STAFFID,BILLNO) values ('BK1162',to_date('05-JAN-26','DD-MON-RR'),to_date('07-JAN-26','DD-MON-RR'),6,1,300,'HM101','GST022','STA05','BL1084');
REM INSERTING into HOMESTAY.FULL_TIME
SET DEFINE OFF;
Insert into HOMESTAY.FULL_TIME (STAFFID,FULL_TIME_SALARY,VACATION_DAYS,BONUS) values ('STA01',1850,12,300);
Insert into HOMESTAY.FULL_TIME (STAFFID,FULL_TIME_SALARY,VACATION_DAYS,BONUS) values ('STA03',14000,15,1000);
Insert into HOMESTAY.FULL_TIME (STAFFID,FULL_TIME_SALARY,VACATION_DAYS,BONUS) values ('STA04',14000,15,1000);
Insert into HOMESTAY.FULL_TIME (STAFFID,FULL_TIME_SALARY,VACATION_DAYS,BONUS) values ('STA05',1650,10,250);
Insert into HOMESTAY.FULL_TIME (STAFFID,FULL_TIME_SALARY,VACATION_DAYS,BONUS) values ('STA07',1750,12,320);
Insert into HOMESTAY.FULL_TIME (STAFFID,FULL_TIME_SALARY,VACATION_DAYS,BONUS) values ('STA08',1600,10,270);
Insert into HOMESTAY.FULL_TIME (STAFFID,FULL_TIME_SALARY,VACATION_DAYS,BONUS) values ('STA09',1900,12,400);
Insert into HOMESTAY.FULL_TIME (STAFFID,FULL_TIME_SALARY,VACATION_DAYS,BONUS) values ('STA13',14000,15,1000);
Insert into HOMESTAY.FULL_TIME (STAFFID,FULL_TIME_SALARY,VACATION_DAYS,BONUS) values ('STA14',1850,12,350);
Insert into HOMESTAY.FULL_TIME (STAFFID,FULL_TIME_SALARY,VACATION_DAYS,BONUS) values ('STA15',1950,13,380);
Insert into HOMESTAY.FULL_TIME (STAFFID,FULL_TIME_SALARY,VACATION_DAYS,BONUS) values ('STA17',2000,14,420);
Insert into HOMESTAY.FULL_TIME (STAFFID,FULL_TIME_SALARY,VACATION_DAYS,BONUS) values ('STA19',1700,10,310);
Insert into HOMESTAY.FULL_TIME (STAFFID,FULL_TIME_SALARY,VACATION_DAYS,BONUS) values ('STA21',14000,15,1000);
REM INSERTING into HOMESTAY.GUEST
SET DEFINE OFF;
Insert into HOMESTAY.GUEST (GUESTID,GUEST_NAME,GUEST_PHONENO,GUEST_GENDER,GUEST_EMAIL,GUEST_ADDRESS,GUEST_TYPE,GUEST_PASSWORD) values ('GST001','Muhammad Aiman bin Zaki','012-3456789','Male','aiman_zaki@gmail.com','Lot 25, Jalan Plumbum 7/99, Seksyen 7, 40000 Shah Alam, Selangor, Malaysia','null','aiman1');
Insert into HOMESTAY.GUEST (GUESTID,GUEST_NAME,GUEST_PHONENO,GUEST_GENDER,GUEST_EMAIL,GUEST_ADDRESS,GUEST_TYPE,GUEST_PASSWORD) values ('GST002','Nur Aisyah binti Khalid','017-8892341','Female','aisyahKhalid@gmail.com','No. 18, Jalan Kuning, Taman Bukit Pasir, 83000 Batu Pahat, Johor, Malaysia','Member','aisyah2');
Insert into HOMESTAY.GUEST (GUESTID,GUEST_NAME,GUEST_PHONENO,GUEST_GENDER,GUEST_EMAIL,GUEST_ADDRESS,GUEST_TYPE,GUEST_PASSWORD) values ('GST003','Ahmad Firdaus bin Ismail','011-29873462','Male','firdausIsmail11@gmail.com','No. 42, Jalan Sultan Badlishah, 05000 Alor Setar, Kedah, Malaysia','Member','firdaus3');
Insert into HOMESTAY.GUEST (GUESTID,GUEST_NAME,GUEST_PHONENO,GUEST_GENDER,GUEST_EMAIL,GUEST_ADDRESS,GUEST_TYPE,GUEST_PASSWORD) values ('GST004','Siti Nur Amirah binti Hassan','019-7745621','Female','SitiAmirah88@gmail.com','Apartment 9, Jalan Sultan Mahmud, 20400 Kuala Terengganu, Terengganu, Malaysia','null','amirah4');
Insert into HOMESTAY.GUEST (GUESTID,GUEST_NAME,GUEST_PHONENO,GUEST_GENDER,GUEST_EMAIL,GUEST_ADDRESS,GUEST_TYPE,GUEST_PASSWORD) values ('GST005','Mohd Hafiz bin Azman','013-9987211','Male','hafiz_azman01@outlook.com','Apt C-31, Jalan Teluk Sisek, 25000 Kuantan, Pahang, Malaysia','Member','hafiz5');
Insert into HOMESTAY.GUEST (GUESTID,GUEST_NAME,GUEST_PHONENO,GUEST_GENDER,GUEST_EMAIL,GUEST_ADDRESS,GUEST_TYPE,GUEST_PASSWORD) values ('GST006','Nurul Huda binti Rahman','018-6654321','Female','Nurul_Huda@gmail.com','Lot 14, Jalan Mahmood, 15000 Kota Bharu, Kelantan, Malaysia','null','huda6');
Insert into HOMESTAY.GUEST (GUESTID,GUEST_NAME,GUEST_PHONENO,GUEST_GENDER,GUEST_EMAIL,GUEST_ADDRESS,GUEST_TYPE,GUEST_PASSWORD) values ('GST007','Aina Sofea binti Zulkifli','015-7765432','Female','ainaSofea_97@gmail.com','No. 22, Jalan Rasah, 70300 Seremban, Negeri Sembilan, Malaysia','null','aina7');
Insert into HOMESTAY.GUEST (GUESTID,GUEST_NAME,GUEST_PHONENO,GUEST_GENDER,GUEST_EMAIL,GUEST_ADDRESS,GUEST_TYPE,GUEST_PASSWORD) values ('GST008','Daniel Wong Wei Jian','016-4569823','Male','danielWJ_88@gmail.com','Blok B, Unit 8, Jalan SS 2/67, SS 2, 47300 Petaling Jaya, Selangor, Malaysia','null','daniel8');
Insert into HOMESTAY.GUEST (GUESTID,GUEST_NAME,GUEST_PHONENO,GUEST_GENDER,GUEST_EMAIL,GUEST_ADDRESS,GUEST_TYPE,GUEST_PASSWORD) values ('GST009','James Anderson','1-415-778-9021','Male','James.Anderson@outlook.com','245 Market Street, San Francisco, CA 94105, United States of America','null','james9');
Insert into HOMESTAY.GUEST (GUESTID,GUEST_NAME,GUEST_PHONENO,GUEST_GENDER,GUEST_EMAIL,GUEST_ADDRESS,GUEST_TYPE,GUEST_PASSWORD) values ('GST010','Muhammad Izzat bin Roslan','014-8899771','Male','izzat_roslan1999@yahoo.com','Unit 17-3A, Jalan Mahsuri, Bayan Lepas, 11900 Penang, Malaysia','Member','izzat10');
Insert into HOMESTAY.GUEST (GUESTID,GUEST_NAME,GUEST_PHONENO,GUEST_GENDER,GUEST_EMAIL,GUEST_ADDRESS,GUEST_TYPE,GUEST_PASSWORD) values ('GST011','Emily Carter','44-7911-234567','Female','emilyCarter_21@gmail.com','58 Oxford Road, Manchester M1 7ED, United Kingdom','Member','emily11');
Insert into HOMESTAY.GUEST (GUESTID,GUEST_NAME,GUEST_PHONENO,GUEST_GENDER,GUEST_EMAIL,GUEST_ADDRESS,GUEST_TYPE,GUEST_PASSWORD) values ('GST012','Hiroshi Tanaka','81-90-4456-7890','Male','hiroshi_Tanaka@Yahoo.com','3-15-2 Shinjuku, Shinjuku-ku, Tokyo 160-0022, Japan','Member','hiroshi12');
Insert into HOMESTAY.GUEST (GUESTID,GUEST_NAME,GUEST_PHONENO,GUEST_GENDER,GUEST_EMAIL,GUEST_ADDRESS,GUEST_TYPE,GUEST_PASSWORD) values ('GST013','Farah Nabila binti Ahmad','16-7754231','Female','farah.nabila03@gmail.com','Lot 12, Jalan Wong Ah Fook, 80000 Johor Bahru, Johor, Malaysia','null','farah13');
Insert into HOMESTAY.GUEST (GUESTID,GUEST_NAME,GUEST_PHONENO,GUEST_GENDER,GUEST_EMAIL,GUEST_ADDRESS,GUEST_TYPE,GUEST_PASSWORD) values ('GST014','Aisha Khan','92-301-5678912','Female','Aisha_Khan92@gmail.com','House 45, Street 10, Gulberg III, Lahore 54660, Pakistan','null','aisha14');
Insert into HOMESTAY.GUEST (GUESTID,GUEST_NAME,GUEST_PHONENO,GUEST_GENDER,GUEST_EMAIL,GUEST_ADDRESS,GUEST_TYPE,GUEST_PASSWORD) values ('GST015','Liam OConnor','353-87-445-8890','Male','liamO_Connor77@outlook.com','21 Baggot Street Upper, Dublin 4, Ireland','Member','liam15');
Insert into HOMESTAY.GUEST (GUESTID,GUEST_NAME,GUEST_PHONENO,GUEST_GENDER,GUEST_EMAIL,GUEST_ADDRESS,GUEST_TYPE,GUEST_PASSWORD) values ('GST016','Zhang Wei','86-138-5567-9901','Male','zhangWei_86@outlook.com','No. 88 Nanjing Road East, Huangpu District, Shanghai 200001, China','null','zhang16');
Insert into HOMESTAY.GUEST (GUESTID,GUEST_NAME,GUEST_PHONENO,GUEST_GENDER,GUEST_EMAIL,GUEST_ADDRESS,GUEST_TYPE,GUEST_PASSWORD) values ('GST017','Syafiq Amir bin Hamzah','012-9987765','Male','syafiqAMIR_90@outlook.com','Lot 27, Jalan Pendidikan 5, Taman Universiti, 81300 Skudai, Johor, Malaysia','Member','syafiq17');
Insert into HOMESTAY.GUEST (GUESTID,GUEST_NAME,GUEST_PHONENO,GUEST_GENDER,GUEST_EMAIL,GUEST_ADDRESS,GUEST_TYPE,GUEST_PASSWORD) values ('GST018','Muhammad Arif bin Latif','017-6642398','Male','Arif_Latif87@gmail.com','Blok A, Unit 15-1, Jalan Ampang Utama 1/1, 68000 Kuala Lumpur, Malaysia','null','arif18');
Insert into HOMESTAY.GUEST (GUESTID,GUEST_NAME,GUEST_PHONENO,GUEST_GENDER,GUEST_EMAIL,GUEST_ADDRESS,GUEST_TYPE,GUEST_PASSWORD) values ('GST019','Syed Hakim bin Syed Ali','013-5567789','Male','SyedHakim_92@yahoo.com','Lot 33, Jalan Cendana 3, Taman Kota Masai, 81700 Pasir Gudang, Johor, Malaysia','null','hakim20');
Insert into HOMESTAY.GUEST (GUESTID,GUEST_NAME,GUEST_PHONENO,GUEST_GENDER,GUEST_EMAIL,GUEST_ADDRESS,GUEST_TYPE,GUEST_PASSWORD) values ('GST020','Izzah Mariam binti Abdullah','018-9934217','Female','izzah_Mariam24@gmail.com','Unit 18-2, Jalan Gombak, 53100 Gombak, Selangor, Malaysia','Member','izzah21');
Insert into HOMESTAY.GUEST (GUESTID,GUEST_NAME,GUEST_PHONENO,GUEST_GENDER,GUEST_EMAIL,GUEST_ADDRESS,GUEST_TYPE,GUEST_PASSWORD) values ('GST021','Muhammad Faris bin Anuar','012-3456789','Male','Faris_Anuar95@gmail.com','Unit 6-2, Jalan Tun Razak, 50400 Kuala Lumpur, Malaysia','null','faris22');
Insert into HOMESTAY.GUEST (GUESTID,GUEST_NAME,GUEST_PHONENO,GUEST_GENDER,GUEST_EMAIL,GUEST_ADDRESS,GUEST_TYPE,GUEST_PASSWORD) values ('GST022','Amirah Sofia binti Nasir','019-2233445','Female','AmirahSofia_03@gmail.com','Lot 21, Jalan Nusa Bestari 2/1, 81300 Skudai, Johor, Malaysia','Member','amirah23');
Insert into HOMESTAY.GUEST (GUESTID,GUEST_NAME,GUEST_PHONENO,GUEST_GENDER,GUEST_EMAIL,GUEST_ADDRESS,GUEST_TYPE,GUEST_PASSWORD) values ('GST023','Danish Hakimi bin Salleh','017-5566778','Male','DanishHakimi88@outlook.com','Blok C, Unit 12-5, Jalan Bukit Gambir, 11700 Gelugor, Penang, Malaysia','null','danish24');
Insert into HOMESTAY.GUEST (GUESTID,GUEST_NAME,GUEST_PHONENO,GUEST_GENDER,GUEST_EMAIL,GUEST_ADDRESS,GUEST_TYPE,GUEST_PASSWORD) values ('GST024','Nursyafiqah binti Mohamad','018-8899001','Female','syafiqah_23@yahoo.com','Unit 10-3, Jalan Kuchai Lama, 58200 Kuala Lumpur, Malaysia','Member','syafiq25');
Insert into HOMESTAY.GUEST (GUESTID,GUEST_NAME,GUEST_PHONENO,GUEST_GENDER,GUEST_EMAIL,GUEST_ADDRESS,GUEST_TYPE,GUEST_PASSWORD) values ('GST025','Hafizuddin bin Omar','016-3344556','Male','HafizOmar_90@gmail.com','Lot 14, Jalan Langgar, 06500 Langgar, Kedah, Malaysia','null','hafiz26');
Insert into HOMESTAY.GUEST (GUESTID,GUEST_NAME,GUEST_PHONENO,GUEST_GENDER,GUEST_EMAIL,GUEST_ADDRESS,GUEST_TYPE,GUEST_PASSWORD) values ('GST026','Aina Farzana binti Zulkarnain','013-7788990','Female','AinaFarzana12@gmail.com','Unit 8-6, Jalan Dato Onn, 80100 Johor Bahru, Johor, Malaysia','Member','farzana27');
Insert into HOMESTAY.GUEST (GUESTID,GUEST_NAME,GUEST_PHONENO,GUEST_GENDER,GUEST_EMAIL,GUEST_ADDRESS,GUEST_TYPE,GUEST_PASSWORD) values ('GST027','Adam Reynolds','1-206-555-0198','Male','adam_reynolds@gmail.com','118 King Street, Seattle, WA 98101, United States of America','null','adam28');
Insert into HOMESTAY.GUEST (GUESTID,GUEST_NAME,GUEST_PHONENO,GUEST_GENDER,GUEST_EMAIL,GUEST_ADDRESS,GUEST_TYPE,GUEST_PASSWORD) values ('GST028','Charlotte Wilson','44-7700-900123','Female','CharlotteW_uk@gmail.com','22 Baker Street, London NW1 6XE, United Kingdom','Member','charlotte29');
Insert into HOMESTAY.GUEST (GUESTID,GUEST_NAME,GUEST_PHONENO,GUEST_GENDER,GUEST_EMAIL,GUEST_ADDRESS,GUEST_TYPE,GUEST_PASSWORD) values ('GST029','Omar Khalid','974-5512-3344','Male','Omar_Khalid89@gmail.com','Flat 12B, Al Reem Street, Doha 23456, Qatar','null','omar30');
Insert into HOMESTAY.GUEST (GUESTID,GUEST_NAME,GUEST_PHONENO,GUEST_GENDER,GUEST_EMAIL,GUEST_ADDRESS,GUEST_TYPE,GUEST_PASSWORD) values ('GST030','Nur Haziqah binti Rahim','012-6677889','Female','haziqahR_96@yahoo.com','Lot 7, Jalan Sungai Dua, 11700 Sungai Dua, Penang, Malaysia','null','haziqah31');
Insert into HOMESTAY.GUEST (GUESTID,GUEST_NAME,GUEST_PHONENO,GUEST_GENDER,GUEST_EMAIL,GUEST_ADDRESS,GUEST_TYPE,GUEST_PASSWORD) values ('GST031','Khairul Anwar bin Hamdan','019-4455667','Male','Khairul_Anwar77@gmail.com','Unit 3-10, Jalan Permas 11, 81750 Masai, Johor, Malaysia','Member','khairul32');
Insert into HOMESTAY.GUEST (GUESTID,GUEST_NAME,GUEST_PHONENO,GUEST_GENDER,GUEST_EMAIL,GUEST_ADDRESS,GUEST_TYPE,GUEST_PASSWORD) values ('GST032','Isabella Romano','39-347-8899001','Female','Isabella.Romano_IT@gmail.com','Via Roma 45, 00185 Rome, Italy','Member','isabella33');
Insert into HOMESTAY.GUEST (GUESTID,GUEST_NAME,GUEST_PHONENO,GUEST_GENDER,GUEST_EMAIL,GUEST_ADDRESS,GUEST_TYPE,GUEST_PASSWORD) values ('GST033','Muhammad Irfan bin Kamarulzaman','017-9988776','Male','IrfanK_93@gmail.com','Lot 11, Jalan Teluk Kumbar, 11920 Bayan Lepas, Penang, Malaysia','null','irfan34');
Insert into HOMESTAY.GUEST (GUESTID,GUEST_NAME,GUEST_PHONENO,GUEST_GENDER,GUEST_EMAIL,GUEST_ADDRESS,GUEST_TYPE,GUEST_PASSWORD) values ('GST034','Hana Yamada','81-90-1234-5678','Female','HanaYamada_JP@yahoo.com','1-12-8 Meguro, Meguro-ku, Tokyo 153-0063, Japan','null','hana35');
Insert into HOMESTAY.GUEST (GUESTID,GUEST_NAME,GUEST_PHONENO,GUEST_GENDER,GUEST_EMAIL,GUEST_ADDRESS,GUEST_TYPE,GUEST_PASSWORD) values ('GST035','Syazwan Akmal bin Zulkifli','018-2233445','Male','Syazwan_Akmal@gmail.com','Lot 5, Jalan Kebudayaan 2, 81300 Skudai, Johor, Malaysia','Member','syazwan36');
Insert into HOMESTAY.GUEST (GUESTID,GUEST_NAME,GUEST_PHONENO,GUEST_GENDER,GUEST_EMAIL,GUEST_ADDRESS,GUEST_TYPE,GUEST_PASSWORD) values ('GST036','Daniel Schmidt','49-170-5566778','Male','danielSchmidt_DE@outlook.com','Friedrichstrasse 78, 10117 Berlin, Germany','null','daniel37');
Insert into HOMESTAY.GUEST (GUESTID,GUEST_NAME,GUEST_PHONENO,GUEST_GENDER,GUEST_EMAIL,GUEST_ADDRESS,GUEST_TYPE,GUEST_PASSWORD) values ('GST037','Nur Aina binti Saifuddin','016-8899776','Female','NurAina_S@gmail.com','Unit 9-2, Jalan Sultan Azlan Shah, 11900 Bayan Lepas, Penang, Malaysia','Member','aina38');
Insert into HOMESTAY.GUEST (GUESTID,GUEST_NAME,GUEST_PHONENO,GUEST_GENDER,GUEST_EMAIL,GUEST_ADDRESS,GUEST_TYPE,GUEST_PASSWORD) values ('GST038','Lucas Moretti','55-11-98877-6655','Male','Lucas_MorettiBR@gmail.com','Rua Augusta 210, So Paulo 01305-000, Brazil','null','lucas39');
Insert into HOMESTAY.GUEST (GUESTID,GUEST_NAME,GUEST_PHONENO,GUEST_GENDER,GUEST_EMAIL,GUEST_ADDRESS,GUEST_TYPE,GUEST_PASSWORD) values ('GST039','Farhana Izzati binti Yusof','013-5566778','Female','FarhanaIzzati_99@yahoo.com','Lot 16, Jalan Bukit Indah 15, 81200 Johor Bahru, Johor, Malaysia','null','farhana40');
Insert into HOMESTAY.GUEST (GUESTID,GUEST_NAME,GUEST_PHONENO,GUEST_GENDER,GUEST_EMAIL,GUEST_ADDRESS,GUEST_TYPE,GUEST_PASSWORD) values ('GST040','Ryan Mitchell','61-412-345-678','Male','RyanM_aus@gmail.com','75 Collins Street, Melbourne VIC 3000, Australia','Member','ryan41');
Insert into HOMESTAY.GUEST (GUESTID,GUEST_NAME,GUEST_PHONENO,GUEST_GENDER,GUEST_EMAIL,GUEST_ADDRESS,GUEST_TYPE,GUEST_PASSWORD) values ('GST041','Muhammad Aqil bin Fauzi','019-3344556','Male','AqilFauzi_01@gmail.com','Lot 23, Jalan Tanjung Bungah, 11200 Tanjung Bungah, Penang, Malaysia','null','aqil42');
Insert into HOMESTAY.GUEST (GUESTID,GUEST_NAME,GUEST_PHONENO,GUEST_GENDER,GUEST_EMAIL,GUEST_ADDRESS,GUEST_TYPE,GUEST_PASSWORD) values ('GST042','Sofia Alvarez','34-612-345-789','Female','Sofia_AlvarezES@gmail.com','Calle Mayor 12, 28013 Madrid, Spain','Member','sofia43');
Insert into HOMESTAY.GUEST (GUESTID,GUEST_NAME,GUEST_PHONENO,GUEST_GENDER,GUEST_EMAIL,GUEST_ADDRESS,GUEST_TYPE,GUEST_PASSWORD) values ('GST043','Amirul Hakim bin Saad','017-2233445','Male','AmirulHakim_S@gmail.com','Unit 4-6, Jalan Tebrau, 80300 Johor Bahru, Johor, Malaysia','null','amirul44');
Insert into HOMESTAY.GUEST (GUESTID,GUEST_NAME,GUEST_PHONENO,GUEST_GENDER,GUEST_EMAIL,GUEST_ADDRESS,GUEST_TYPE,GUEST_PASSWORD) values ('GST044','Kevin Liu','86-138-0013-8000','Male','KevinLiu_CN88@gmail.com','56 Huaihai Road, Xuhui District, Shanghai 200031, China','null','kevin45');
Insert into HOMESTAY.GUEST (GUESTID,GUEST_NAME,GUEST_PHONENO,GUEST_GENDER,GUEST_EMAIL,GUEST_ADDRESS,GUEST_TYPE,GUEST_PASSWORD) values ('GST045','Siti Aisyah binti Hamzah','012-7788990','Female','SitiAisyah@yahoo.com','Lot 19, Jalan Raja Uda, 12300 Butterworth, Penang, Malaysia','Member','aisyah46');
Insert into HOMESTAY.GUEST (GUESTID,GUEST_NAME,GUEST_PHONENO,GUEST_GENDER,GUEST_EMAIL,GUEST_ADDRESS,GUEST_TYPE,GUEST_PASSWORD) values ('GST046','Michael Thompson','1-917-555-0142','Male','MichaelT_1980@outlook.com','410 Madison Avenue, New York, NY 10017, United States of America','Member','michael47');
Insert into HOMESTAY.GUEST (GUESTID,GUEST_NAME,GUEST_PHONENO,GUEST_GENDER,GUEST_EMAIL,GUEST_ADDRESS,GUEST_TYPE,GUEST_PASSWORD) values ('GST047','Afiq Rizal bin Hamdan','018-4455667','Male','AfiqRizal_95@gmail.com','Lot 8, Jalan Kempas Utama 2/3, 81200 Johor Bahru, Johor, Malaysia','null','afiq48');
Insert into HOMESTAY.GUEST (GUESTID,GUEST_NAME,GUEST_PHONENO,GUEST_GENDER,GUEST_EMAIL,GUEST_ADDRESS,GUEST_TYPE,GUEST_PASSWORD) values ('GST048','Laura Bennett','44-7911-123456','Female','LauraBennett_UK@outlook.com','14 Piccadilly, London W1J 9HF, United Kingdom','null','laura49');
Insert into HOMESTAY.GUEST (GUESTID,GUEST_NAME,GUEST_PHONENO,GUEST_GENDER,GUEST_EMAIL,GUEST_ADDRESS,GUEST_TYPE,GUEST_PASSWORD) values ('GST049','Muhammad Zaki bin Rahman','016-6677889','Male','ZakiRahman_90@gmail.com','Lot 6, Jalan Balik Pulau, 11000 Balik Pulau, Penang, Malaysia','Member','zaki50');
Insert into HOMESTAY.GUEST (GUESTID,GUEST_NAME,GUEST_PHONENO,GUEST_GENDER,GUEST_EMAIL,GUEST_ADDRESS,GUEST_TYPE,GUEST_PASSWORD) values ('GST050','Chen Yu','86-139-6677-8899','Female','ChenYu_CN@gmail.com','102 Zhongshan Road, Nanjing 210005, China','null','chen51');
Insert into HOMESTAY.GUEST (GUESTID,GUEST_NAME,GUEST_PHONENO,GUEST_GENDER,GUEST_EMAIL,GUEST_ADDRESS,GUEST_TYPE,GUEST_PASSWORD) values ('GST051','Nur Syuhada binti Ismail','013-9988776','Female','NurSyuhada_I@gmail.com','Unit 7-8, Jalan Wangsa Delima, 53300 Wangsa Maju, Kuala Lumpur, Malaysia','Member','syuhada52');
Insert into HOMESTAY.GUEST (GUESTID,GUEST_NAME,GUEST_PHONENO,GUEST_GENDER,GUEST_EMAIL,GUEST_ADDRESS,GUEST_TYPE,GUEST_PASSWORD) values ('GST052','Muhammad Aiman bin Ridzuan','019-1122334','Male','AimanR_97@yahoo.com','Lot 12, Jalan Sutera Tanjung 8/4, 81300 Skudai, Johor, Malaysia','null','aiman53');
Insert into HOMESTAY.GUEST (GUESTID,GUEST_NAME,GUEST_PHONENO,GUEST_GENDER,GUEST_EMAIL,GUEST_ADDRESS,GUEST_TYPE,GUEST_PASSWORD) values ('GST053','Siti Khadijah binti Rahman','017-4455667','Female','SitiKhadijah_88@outlook.com','Lot 9, Jalan Sungai Nibong, 11900 Bayan Lepas, Penang, Malaysia','Member','khadijah54');
Insert into HOMESTAY.GUEST (GUESTID,GUEST_NAME,GUEST_PHONENO,GUEST_GENDER,GUEST_EMAIL,GUEST_ADDRESS,GUEST_TYPE,GUEST_PASSWORD) values ('GST054','Julien Moreau','33-6-12-34-56-78','Male','Julien_MoreauFR@gmail.com','18 Rue de Rivoli, 75001 Paris, France','null','julien55');
Insert into HOMESTAY.GUEST (GUESTID,GUEST_NAME,GUEST_PHONENO,GUEST_GENDER,GUEST_EMAIL,GUEST_ADDRESS,GUEST_TYPE,GUEST_PASSWORD) values ('GST055','Kim Min-Jae','82-10-2345-6789','Male','MinJae_92@naver.com','45 Teheran-ro, Gangnam-gu, Seoul 06134, South Korea','Member','minjae56');
REM INSERTING into HOMESTAY.HOMESTAY
SET DEFINE OFF;
Insert into HOMESTAY.HOMESTAY (HOMESTAYID,HOMESTAY_NAME,HOMESTAY_ADDRESS,OFFICE_PHONENO,RENT_PRICE,STAFFID) values ('HM101','The Grand Haven','Lot 1287, Jalan Sungai Lui, Kampung Sungai Lui, 43100 Hulu Langat, Selangor, Malaysia','03-12345678',500,'STA03');
Insert into HOMESTAY.HOMESTAY (HOMESTAYID,HOMESTAY_NAME,HOMESTAY_ADDRESS,OFFICE_PHONENO,RENT_PRICE,STAFFID) values ('HM102','Twin Haven','Lot 1290, Jalan Sungai Lui, Kampung Sungai Lui, 43100 Hulu Langat, Selangor, Malaysia','03-12345678',450,'STA04');
Insert into HOMESTAY.HOMESTAY (HOMESTAYID,HOMESTAY_NAME,HOMESTAY_ADDRESS,OFFICE_PHONENO,RENT_PRICE,STAFFID) values ('HM103','The Riverside Retreat','Lot 522, Jalan Sungai Siput, Kampung Pintu Padang, 31600 Gopeng, Perak, Malaysia','05-87654321',400,'STA13');
Insert into HOMESTAY.HOMESTAY (HOMESTAYID,HOMESTAY_NAME,HOMESTAY_ADDRESS,OFFICE_PHONENO,RENT_PRICE,STAFFID) values ('HM104','Hilltop Haven','Lot 540, Jalan Bukit Gopeng, Kampung Pintu Padang, 31600 Gopeng, Perak, Malaysia','05-87654321',550,'STA21');
REM INSERTING into HOMESTAY.HOMESTAY_SERVICE
SET DEFINE OFF;
Insert into HOMESTAY.HOMESTAY_SERVICE (HOMESTAYID,SERVICEID,MAIN_DATE,MAIN_STATUS) values ('HM101','SV201',to_date('08-JAN-25','DD-MON-RR'),'done');
Insert into HOMESTAY.HOMESTAY_SERVICE (HOMESTAYID,SERVICEID,MAIN_DATE,MAIN_STATUS) values ('HM101','SV201',to_date('10-APR-25','DD-MON-RR'),'done');
Insert into HOMESTAY.HOMESTAY_SERVICE (HOMESTAYID,SERVICEID,MAIN_DATE,MAIN_STATUS) values ('HM101','SV201',to_date('12-JUL-25','DD-MON-RR'),'done');
Insert into HOMESTAY.HOMESTAY_SERVICE (HOMESTAYID,SERVICEID,MAIN_DATE,MAIN_STATUS) values ('HM101','SV202',to_date('15-JUN-25','DD-MON-RR'),'done');
Insert into HOMESTAY.HOMESTAY_SERVICE (HOMESTAYID,SERVICEID,MAIN_DATE,MAIN_STATUS) values ('HM101','SV202',to_date('05-DEC-25','DD-MON-RR'),'done');
Insert into HOMESTAY.HOMESTAY_SERVICE (HOMESTAYID,SERVICEID,MAIN_DATE,MAIN_STATUS) values ('HM101','SV203',to_date('20-NOV-25','DD-MON-RR'),'done');
Insert into HOMESTAY.HOMESTAY_SERVICE (HOMESTAYID,SERVICEID,MAIN_DATE,MAIN_STATUS) values ('HM101','SV206',to_date('15-FEB-26','DD-MON-RR'),'pending');
Insert into HOMESTAY.HOMESTAY_SERVICE (HOMESTAYID,SERVICEID,MAIN_DATE,MAIN_STATUS) values ('HM101','SV205',to_date('05-FEB-26','DD-MON-RR'),'pending');
Insert into HOMESTAY.HOMESTAY_SERVICE (HOMESTAYID,SERVICEID,MAIN_DATE,MAIN_STATUS) values ('HM101','SV205',to_date('08-JUN-26','DD-MON-RR'),'pending');
Insert into HOMESTAY.HOMESTAY_SERVICE (HOMESTAYID,SERVICEID,MAIN_DATE,MAIN_STATUS) values ('HM102','SV201',to_date('12-MAR-25','DD-MON-RR'),'done');
Insert into HOMESTAY.HOMESTAY_SERVICE (HOMESTAYID,SERVICEID,MAIN_DATE,MAIN_STATUS) values ('HM102','SV206',to_date('25-JAN-26','DD-MON-RR'),'done');
Insert into HOMESTAY.HOMESTAY_SERVICE (HOMESTAYID,SERVICEID,MAIN_DATE,MAIN_STATUS) values ('HM102','SV201',to_date('18-AUG-25','DD-MON-RR'),'done');
Insert into HOMESTAY.HOMESTAY_SERVICE (HOMESTAYID,SERVICEID,MAIN_DATE,MAIN_STATUS) values ('HM102','SV202',to_date('18-SEP-25','DD-MON-RR'),'done');
Insert into HOMESTAY.HOMESTAY_SERVICE (HOMESTAYID,SERVICEID,MAIN_DATE,MAIN_STATUS) values ('HM102','SV202',to_date('20-JAN-26','DD-MON-RR'),'done');
Insert into HOMESTAY.HOMESTAY_SERVICE (HOMESTAYID,SERVICEID,MAIN_DATE,MAIN_STATUS) values ('HM103','SV201',to_date('05-MAY-25','DD-MON-RR'),'done');
Insert into HOMESTAY.HOMESTAY_SERVICE (HOMESTAYID,SERVICEID,MAIN_DATE,MAIN_STATUS) values ('HM103','SV201',to_date('15-OCT-25','DD-MON-RR'),'done');
Insert into HOMESTAY.HOMESTAY_SERVICE (HOMESTAYID,SERVICEID,MAIN_DATE,MAIN_STATUS) values ('HM103','SV206',to_date('10-MAR-26','DD-MON-RR'),'pending');
Insert into HOMESTAY.HOMESTAY_SERVICE (HOMESTAYID,SERVICEID,MAIN_DATE,MAIN_STATUS) values ('HM103','SV202',to_date('10-DEC-25','DD-MON-RR'),'done');
Insert into HOMESTAY.HOMESTAY_SERVICE (HOMESTAYID,SERVICEID,MAIN_DATE,MAIN_STATUS) values ('HM103','SV204',to_date('22-MAR-26','DD-MON-RR'),'pending');
Insert into HOMESTAY.HOMESTAY_SERVICE (HOMESTAYID,SERVICEID,MAIN_DATE,MAIN_STATUS) values ('HM103','SV204',to_date('19-JUL-26','DD-MON-RR'),'pending');
Insert into HOMESTAY.HOMESTAY_SERVICE (HOMESTAYID,SERVICEID,MAIN_DATE,MAIN_STATUS) values ('HM103','SV205',to_date('14-JUN-26','DD-MON-RR'),'pending');
Insert into HOMESTAY.HOMESTAY_SERVICE (HOMESTAYID,SERVICEID,MAIN_DATE,MAIN_STATUS) values ('HM104','SV206',to_date('05-APR-26','DD-MON-RR'),'pending');
Insert into HOMESTAY.HOMESTAY_SERVICE (HOMESTAYID,SERVICEID,MAIN_DATE,MAIN_STATUS) values ('HM104','SV201',to_date('15-JUL-25','DD-MON-RR'),'done');
Insert into HOMESTAY.HOMESTAY_SERVICE (HOMESTAYID,SERVICEID,MAIN_DATE,MAIN_STATUS) values ('HM104','SV201',to_date('25-NOV-25','DD-MON-RR'),'done');
Insert into HOMESTAY.HOMESTAY_SERVICE (HOMESTAYID,SERVICEID,MAIN_DATE,MAIN_STATUS) values ('HM104','SV204',to_date('25-JAN-26','DD-MON-RR'),'done');
Insert into HOMESTAY.HOMESTAY_SERVICE (HOMESTAYID,SERVICEID,MAIN_DATE,MAIN_STATUS) values ('HM104','SV204',to_date('30-MAY-26','DD-MON-RR'),'pending');
REM INSERTING into HOMESTAY.MEMBERSHIP
SET DEFINE OFF;
Insert into HOMESTAY.MEMBERSHIP (MEMBERSHIPID,GUESTID,DISC_RATE) values ('MEM001','GST002',10);
Insert into HOMESTAY.MEMBERSHIP (MEMBERSHIPID,GUESTID,DISC_RATE) values ('MEM002','GST003',20);
Insert into HOMESTAY.MEMBERSHIP (MEMBERSHIPID,GUESTID,DISC_RATE) values ('MEM003','GST005',30);
Insert into HOMESTAY.MEMBERSHIP (MEMBERSHIPID,GUESTID,DISC_RATE) values ('MEM004','GST010',10);
Insert into HOMESTAY.MEMBERSHIP (MEMBERSHIPID,GUESTID,DISC_RATE) values ('MEM005','GST011',30);
Insert into HOMESTAY.MEMBERSHIP (MEMBERSHIPID,GUESTID,DISC_RATE) values ('MEM006','GST012',20);
Insert into HOMESTAY.MEMBERSHIP (MEMBERSHIPID,GUESTID,DISC_RATE) values ('MEM007','GST015',10);
Insert into HOMESTAY.MEMBERSHIP (MEMBERSHIPID,GUESTID,DISC_RATE) values ('MEM008','GST017',10);
Insert into HOMESTAY.MEMBERSHIP (MEMBERSHIPID,GUESTID,DISC_RATE) values ('MEM009','GST020',30);
Insert into HOMESTAY.MEMBERSHIP (MEMBERSHIPID,GUESTID,DISC_RATE) values ('MEM010','GST022',10);
Insert into HOMESTAY.MEMBERSHIP (MEMBERSHIPID,GUESTID,DISC_RATE) values ('MEM011','GST024',20);
Insert into HOMESTAY.MEMBERSHIP (MEMBERSHIPID,GUESTID,DISC_RATE) values ('MEM012','GST026',10);
Insert into HOMESTAY.MEMBERSHIP (MEMBERSHIPID,GUESTID,DISC_RATE) values ('MEM013','GST028',20);
Insert into HOMESTAY.MEMBERSHIP (MEMBERSHIPID,GUESTID,DISC_RATE) values ('MEM014','GST031',10);
Insert into HOMESTAY.MEMBERSHIP (MEMBERSHIPID,GUESTID,DISC_RATE) values ('MEM015','GST032',10);
Insert into HOMESTAY.MEMBERSHIP (MEMBERSHIPID,GUESTID,DISC_RATE) values ('MEM016','GST035',20);
Insert into HOMESTAY.MEMBERSHIP (MEMBERSHIPID,GUESTID,DISC_RATE) values ('MEM017','GST037',20);
Insert into HOMESTAY.MEMBERSHIP (MEMBERSHIPID,GUESTID,DISC_RATE) values ('MEM018','GST040',10);
Insert into HOMESTAY.MEMBERSHIP (MEMBERSHIPID,GUESTID,DISC_RATE) values ('MEM019','GST042',10);
Insert into HOMESTAY.MEMBERSHIP (MEMBERSHIPID,GUESTID,DISC_RATE) values ('MEM020','GST045',20);
Insert into HOMESTAY.MEMBERSHIP (MEMBERSHIPID,GUESTID,DISC_RATE) values ('MEM021','GST046',30);
Insert into HOMESTAY.MEMBERSHIP (MEMBERSHIPID,GUESTID,DISC_RATE) values ('MEM022','GST049',10);
Insert into HOMESTAY.MEMBERSHIP (MEMBERSHIPID,GUESTID,DISC_RATE) values ('MEM023','GST051',10);
Insert into HOMESTAY.MEMBERSHIP (MEMBERSHIPID,GUESTID,DISC_RATE) values ('MEM024','GST053',10);
Insert into HOMESTAY.MEMBERSHIP (MEMBERSHIPID,GUESTID,DISC_RATE) values ('MEM025','GST055',10);
REM INSERTING into HOMESTAY.PART_TIME
SET DEFINE OFF;
Insert into HOMESTAY.PART_TIME (STAFFID,HOURLY_RATE,SHIFT_TIME) values ('STA02',8.5,'Evening');
Insert into HOMESTAY.PART_TIME (STAFFID,HOURLY_RATE,SHIFT_TIME) values ('STA06',11.5,'Night');
Insert into HOMESTAY.PART_TIME (STAFFID,HOURLY_RATE,SHIFT_TIME) values ('STA10',9.25,'Evening');
Insert into HOMESTAY.PART_TIME (STAFFID,HOURLY_RATE,SHIFT_TIME) values ('STA11',9.5,'Morning');
Insert into HOMESTAY.PART_TIME (STAFFID,HOURLY_RATE,SHIFT_TIME) values ('STA12',10.5,'Afternoon');
Insert into HOMESTAY.PART_TIME (STAFFID,HOURLY_RATE,SHIFT_TIME) values ('STA16',11.5,'Night');
Insert into HOMESTAY.PART_TIME (STAFFID,HOURLY_RATE,SHIFT_TIME) values ('STA18',8,'Evening');
Insert into HOMESTAY.PART_TIME (STAFFID,HOURLY_RATE,SHIFT_TIME) values ('STA20',9.75,'Morning');
REM INSERTING into HOMESTAY.SERVICE
SET DEFINE OFF;
Insert into HOMESTAY.SERVICE (SERVICEID,SERVICE_TYPE,SERVICE_COST,SERVICE_REMARK,STAFFID) values ('SV201','Housekeeping',150,'Daily cleaning service','STA08');
Insert into HOMESTAY.SERVICE (SERVICEID,SERVICE_TYPE,SERVICE_COST,SERVICE_REMARK,STAFFID) values ('SV202','Air Conditioner Maintenance',250,'Quarterly aircond servicing','STA19');
Insert into HOMESTAY.SERVICE (SERVICEID,SERVICE_TYPE,SERVICE_COST,SERVICE_REMARK,STAFFID) values ('SV203','Swimming Pool Maintenance',300,'Weekly pool cleaning','STA15');
Insert into HOMESTAY.SERVICE (SERVICEID,SERVICE_TYPE,SERVICE_COST,SERVICE_REMARK,STAFFID) values ('SV204','Garden Maintenance',200,'Monthly garden upkeep','STA05');
Insert into HOMESTAY.SERVICE (SERVICEID,SERVICE_TYPE,SERVICE_COST,SERVICE_REMARK,STAFFID) values ('SV205','BBQ Equipment Maintenance',100,'Inspection and cleaning','STA11');
Insert into HOMESTAY.SERVICE (SERVICEID,SERVICE_TYPE,SERVICE_COST,SERVICE_REMARK,STAFFID) values ('SV206','Electrical Inspection',180,'Safety and wiring check','STA14');
REM INSERTING into HOMESTAY.STAFF
SET DEFINE OFF;
Insert into HOMESTAY.STAFF (STAFFID,STAFF_NAME,STAFF_PHONENO,STAFF_EMAIL,STAFF_PASSWORD,STAFF_TYPE,MANAGERID) values ('STA01','Ahmad bin Abdullah','011-1234567','ahmad@serena.my','pass123','Full-time','STA03');
Insert into HOMESTAY.STAFF (STAFFID,STAFF_NAME,STAFF_PHONENO,STAFF_EMAIL,STAFF_PASSWORD,STAFF_TYPE,MANAGERID) values ('STA02','Siti binti Mohd','012-2345678','siti.mohd@serena.my','pass456','Part-time','STA13');
Insert into HOMESTAY.STAFF (STAFFID,STAFF_NAME,STAFF_PHONENO,STAFF_EMAIL,STAFF_PASSWORD,STAFF_TYPE,MANAGERID) values ('STA03','Azhar AMN','013-3456789','azhar.amn@serena.my','pass789','Full-time',null);
Insert into HOMESTAY.STAFF (STAFFID,STAFF_NAME,STAFF_PHONENO,STAFF_EMAIL,STAFF_PASSWORD,STAFF_TYPE,MANAGERID) values ('STA04','Azhani AMN ','014-4567890','azhani.amn@serena.my','pass101','Full-time',null);
Insert into HOMESTAY.STAFF (STAFFID,STAFF_NAME,STAFF_PHONENO,STAFF_EMAIL,STAFF_PASSWORD,STAFF_TYPE,MANAGERID) values ('STA05','Wong Mei Ling','015-5678901','mei.ling@serena.my','pass202','Full-time','STA04');
Insert into HOMESTAY.STAFF (STAFFID,STAFF_NAME,STAFF_PHONENO,STAFF_EMAIL,STAFF_PASSWORD,STAFF_TYPE,MANAGERID) values ('STA06','Muhammad Ali','016-6789012','m.ali@serena.my','pass303','Part-time','STA21');
Insert into HOMESTAY.STAFF (STAFFID,STAFF_NAME,STAFF_PHONENO,STAFF_EMAIL,STAFF_PASSWORD,STAFF_TYPE,MANAGERID) values ('STA07','Emily Chen','017-7890123','emily.chen@serena.my','pass404','Full-time','STA04');
Insert into HOMESTAY.STAFF (STAFFID,STAFF_NAME,STAFF_PHONENO,STAFF_EMAIL,STAFF_PASSWORD,STAFF_TYPE,MANAGERID) values ('STA08','Fatimah binti Yusof','018-8901234','fatimah.y@serena.my','pass505','Full-time','STA04');
Insert into HOMESTAY.STAFF (STAFFID,STAFF_NAME,STAFF_PHONENO,STAFF_EMAIL,STAFF_PASSWORD,STAFF_TYPE,MANAGERID) values ('STA09','James Lim','019-9012345','james.lim@serena.my','pass606','Full-time','STA03');
Insert into HOMESTAY.STAFF (STAFFID,STAFF_NAME,STAFF_PHONENO,STAFF_EMAIL,STAFF_PASSWORD,STAFF_TYPE,MANAGERID) values ('STA10','Noraini binti Kamal','011-1122334','noraini.k@serena.my','pass707','Part-time','STA21');
Insert into HOMESTAY.STAFF (STAFFID,STAFF_NAME,STAFF_PHONENO,STAFF_EMAIL,STAFF_PASSWORD,STAFF_TYPE,MANAGERID) values ('STA11','Hana Remy','012-2233445','hana.rmy@serena.my','pass808','Part-time','STA21');
Insert into HOMESTAY.STAFF (STAFFID,STAFF_NAME,STAFF_PHONENO,STAFF_EMAIL,STAFF_PASSWORD,STAFF_TYPE,MANAGERID) values ('STA12','Aisyah binti Hassan','013-3344556','aisyah.h@serena.my','pass909','Part-time','STA13');
Insert into HOMESTAY.STAFF (STAFFID,STAFF_NAME,STAFF_PHONENO,STAFF_EMAIL,STAFF_PASSWORD,STAFF_TYPE,MANAGERID) values ('STA13','Izzat Remy','014-4455667','kevin.lee@serena.my','pass111','Full-time',null);
Insert into HOMESTAY.STAFF (STAFFID,STAFF_NAME,STAFF_PHONENO,STAFF_EMAIL,STAFF_PASSWORD,STAFF_TYPE,MANAGERID) values ('STA14','Zainal bin Ibrahim','015-5566778','zainal.i@serena.my','pass222','Full-time','STA04');
Insert into HOMESTAY.STAFF (STAFFID,STAFF_NAME,STAFF_PHONENO,STAFF_EMAIL,STAFF_PASSWORD,STAFF_TYPE,MANAGERID) values ('STA15','Shukri Abdullah','016-6677889','shukri.abd@serena.my','pass333','Full-time','STA03');
Insert into HOMESTAY.STAFF (STAFFID,STAFF_NAME,STAFF_PHONENO,STAFF_EMAIL,STAFF_PASSWORD,STAFF_TYPE,MANAGERID) values ('STA16','Hafiz bin Mazlan','017-7788990','hafiz.m@serena.my','pass444','Part-time','STA13');
Insert into HOMESTAY.STAFF (STAFFID,STAFF_NAME,STAFF_PHONENO,STAFF_EMAIL,STAFF_PASSWORD,STAFF_TYPE,MANAGERID) values ('STA17','Sophia Ng','018-8899001','sophia.ng@serena.my','pass555','Full-time','STA03');
Insert into HOMESTAY.STAFF (STAFFID,STAFF_NAME,STAFF_PHONENO,STAFF_EMAIL,STAFF_PASSWORD,STAFF_TYPE,MANAGERID) values ('STA18','Aris Haiqal','019-9900112','haiqal.ar@serena.my','pass666','Part-time','STA13');
Insert into HOMESTAY.STAFF (STAFFID,STAFF_NAME,STAFF_PHONENO,STAFF_EMAIL,STAFF_PASSWORD,STAFF_TYPE,MANAGERID) values ('STA19','Maria binti Ahmad','011-0011223','maria.a@serena.my','pass777','Full-time','STA04');
Insert into HOMESTAY.STAFF (STAFFID,STAFF_NAME,STAFF_PHONENO,STAFF_EMAIL,STAFF_PASSWORD,STAFF_TYPE,MANAGERID) values ('STA20','Daniel Iman','012-1223345','daniel.im@serena.my','pass888','Part-time','STA21');
Insert into HOMESTAY.STAFF (STAFFID,STAFF_NAME,STAFF_PHONENO,STAFF_EMAIL,STAFF_PASSWORD,STAFF_TYPE,MANAGERID) values ('STA21','Imran Bard','018-3706178','imran.bd@serena.my','pass719','Full-time',null);
--------------------------------------------------------
--  DDL for Index SYS_C008637
--------------------------------------------------------

  CREATE UNIQUE INDEX "HOMESTAY"."SYS_C008637" ON "HOMESTAY"."BILL" ("BILLNO") 
  PCTFREE 10 INITRANS 2 MAXTRANS 255 
  STORAGE(INITIAL 65536 NEXT 1048576 MINEXTENTS 1 MAXEXTENTS 2147483645
  PCTINCREASE 0 FREELISTS 1 FREELIST GROUPS 1
  BUFFER_POOL DEFAULT FLASH_CACHE DEFAULT CELL_FLASH_CACHE DEFAULT)
  TABLESPACE "USERS" ;
--------------------------------------------------------
--  DDL for Index SYS_C008640
--------------------------------------------------------

  CREATE UNIQUE INDEX "HOMESTAY"."SYS_C008640" ON "HOMESTAY"."BOOKING" ("BOOKINGID") 
  PCTFREE 10 INITRANS 2 MAXTRANS 255 
  STORAGE(INITIAL 65536 NEXT 1048576 MINEXTENTS 1 MAXEXTENTS 2147483645
  PCTINCREASE 0 FREELISTS 1 FREELIST GROUPS 1
  BUFFER_POOL DEFAULT FLASH_CACHE DEFAULT CELL_FLASH_CACHE DEFAULT)
  TABLESPACE "USERS" ;
--------------------------------------------------------
--  DDL for Index SYS_C008622
--------------------------------------------------------

  CREATE UNIQUE INDEX "HOMESTAY"."SYS_C008622" ON "HOMESTAY"."FULL_TIME" ("STAFFID") 
  PCTFREE 10 INITRANS 2 MAXTRANS 255 
  STORAGE(INITIAL 65536 NEXT 1048576 MINEXTENTS 1 MAXEXTENTS 2147483645
  PCTINCREASE 0 FREELISTS 1 FREELIST GROUPS 1
  BUFFER_POOL DEFAULT FLASH_CACHE DEFAULT CELL_FLASH_CACHE DEFAULT)
  TABLESPACE "USERS" ;
--------------------------------------------------------
--  DDL for Index SYS_C008627
--------------------------------------------------------

  CREATE UNIQUE INDEX "HOMESTAY"."SYS_C008627" ON "HOMESTAY"."GUEST" ("GUESTID") 
  PCTFREE 10 INITRANS 2 MAXTRANS 255 
  STORAGE(INITIAL 65536 NEXT 1048576 MINEXTENTS 1 MAXEXTENTS 2147483645
  PCTINCREASE 0 FREELISTS 1 FREELIST GROUPS 1
  BUFFER_POOL DEFAULT FLASH_CACHE DEFAULT CELL_FLASH_CACHE DEFAULT)
  TABLESPACE "USERS" ;
--------------------------------------------------------
--  DDL for Index SYS_C008632
--------------------------------------------------------

  CREATE UNIQUE INDEX "HOMESTAY"."SYS_C008632" ON "HOMESTAY"."HOMESTAY" ("HOMESTAYID") 
  PCTFREE 10 INITRANS 2 MAXTRANS 255 
  STORAGE(INITIAL 65536 NEXT 1048576 MINEXTENTS 1 MAXEXTENTS 2147483645
  PCTINCREASE 0 FREELISTS 1 FREELIST GROUPS 1
  BUFFER_POOL DEFAULT FLASH_CACHE DEFAULT CELL_FLASH_CACHE DEFAULT)
  TABLESPACE "USERS" ;
--------------------------------------------------------
--  DDL for Index PK_HOMESTAY_SERVICE
--------------------------------------------------------

  CREATE UNIQUE INDEX "HOMESTAY"."PK_HOMESTAY_SERVICE" ON "HOMESTAY"."HOMESTAY_SERVICE" ("HOMESTAYID", "SERVICEID", "MAIN_DATE") 
  PCTFREE 10 INITRANS 2 MAXTRANS 255 
  STORAGE(INITIAL 65536 NEXT 1048576 MINEXTENTS 1 MAXEXTENTS 2147483645
  PCTINCREASE 0 FREELISTS 1 FREELIST GROUPS 1
  BUFFER_POOL DEFAULT FLASH_CACHE DEFAULT CELL_FLASH_CACHE DEFAULT)
  TABLESPACE "USERS" ;
--------------------------------------------------------
--  DDL for Index SYS_C008628
--------------------------------------------------------

  CREATE UNIQUE INDEX "HOMESTAY"."SYS_C008628" ON "HOMESTAY"."MEMBERSHIP" ("MEMBERSHIPID") 
  PCTFREE 10 INITRANS 2 MAXTRANS 255 
  STORAGE(INITIAL 65536 NEXT 1048576 MINEXTENTS 1 MAXEXTENTS 2147483645
  PCTINCREASE 0 FREELISTS 1 FREELIST GROUPS 1
  BUFFER_POOL DEFAULT FLASH_CACHE DEFAULT CELL_FLASH_CACHE DEFAULT)
  TABLESPACE "USERS" ;
--------------------------------------------------------
--  DDL for Index SYS_C008629
--------------------------------------------------------

  CREATE UNIQUE INDEX "HOMESTAY"."SYS_C008629" ON "HOMESTAY"."MEMBERSHIP" ("GUESTID") 
  PCTFREE 10 INITRANS 2 MAXTRANS 255 
  STORAGE(INITIAL 65536 NEXT 1048576 MINEXTENTS 1 MAXEXTENTS 2147483645
  PCTINCREASE 0 FREELISTS 1 FREELIST GROUPS 1
  BUFFER_POOL DEFAULT FLASH_CACHE DEFAULT CELL_FLASH_CACHE DEFAULT)
  TABLESPACE "USERS" ;
--------------------------------------------------------
--  DDL for Index SYS_C008624
--------------------------------------------------------

  CREATE UNIQUE INDEX "HOMESTAY"."SYS_C008624" ON "HOMESTAY"."PART_TIME" ("STAFFID") 
  PCTFREE 10 INITRANS 2 MAXTRANS 255 
  STORAGE(INITIAL 65536 NEXT 1048576 MINEXTENTS 1 MAXEXTENTS 2147483645
  PCTINCREASE 0 FREELISTS 1 FREELIST GROUPS 1
  BUFFER_POOL DEFAULT FLASH_CACHE DEFAULT CELL_FLASH_CACHE DEFAULT)
  TABLESPACE "USERS" ;
--------------------------------------------------------
--  DDL for Index SYS_C008635
--------------------------------------------------------

  CREATE UNIQUE INDEX "HOMESTAY"."SYS_C008635" ON "HOMESTAY"."SERVICE" ("SERVICEID") 
  PCTFREE 10 INITRANS 2 MAXTRANS 255 
  STORAGE(INITIAL 65536 NEXT 1048576 MINEXTENTS 1 MAXEXTENTS 2147483645
  PCTINCREASE 0 FREELISTS 1 FREELIST GROUPS 1
  BUFFER_POOL DEFAULT FLASH_CACHE DEFAULT CELL_FLASH_CACHE DEFAULT)
  TABLESPACE "USERS" ;
--------------------------------------------------------
--  DDL for Index SYS_C008620
--------------------------------------------------------

  CREATE UNIQUE INDEX "HOMESTAY"."SYS_C008620" ON "HOMESTAY"."STAFF" ("STAFFID") 
  PCTFREE 10 INITRANS 2 MAXTRANS 255 
  STORAGE(INITIAL 65536 NEXT 1048576 MINEXTENTS 1 MAXEXTENTS 2147483645
  PCTINCREASE 0 FREELISTS 1 FREELIST GROUPS 1
  BUFFER_POOL DEFAULT FLASH_CACHE DEFAULT CELL_FLASH_CACHE DEFAULT)
  TABLESPACE "USERS" ;
--------------------------------------------------------
--  DDL for Trigger TRG_BILL_ID
--------------------------------------------------------

  CREATE OR REPLACE EDITIONABLE TRIGGER "HOMESTAY"."TRG_BILL_ID" 
BEFORE INSERT ON BILL
FOR EACH ROW
BEGIN
  IF :NEW.billNo IS NULL THEN
    :NEW.billNo := 'BL' || TO_CHAR(bill_seq.NEXTVAL);
  END IF;
END;

/
ALTER TRIGGER "HOMESTAY"."TRG_BILL_ID" ENABLE;
--------------------------------------------------------
--  DDL for Trigger TRG_BOOKING_ID
--------------------------------------------------------

  CREATE OR REPLACE EDITIONABLE TRIGGER "HOMESTAY"."TRG_BOOKING_ID" 
BEFORE INSERT ON BOOKING
FOR EACH ROW
BEGIN
  IF :NEW.bookingID IS NULL THEN
    :NEW.bookingID := 'BK' || TO_CHAR(booking_seq.NEXTVAL);
  END IF;
END;

/
ALTER TRIGGER "HOMESTAY"."TRG_BOOKING_ID" ENABLE;
--------------------------------------------------------
--  DDL for Trigger TRG_GUEST_ID
--------------------------------------------------------

  CREATE OR REPLACE EDITIONABLE TRIGGER "HOMESTAY"."TRG_GUEST_ID" 
BEFORE INSERT ON GUEST
FOR EACH ROW
BEGIN
  IF :NEW.guestID IS NULL THEN
    :NEW.guestID := 'GST' || LPAD(guest_seq.NEXTVAL, 3, '0');
  END IF;
END;

/
ALTER TRIGGER "HOMESTAY"."TRG_GUEST_ID" ENABLE;
--------------------------------------------------------
--  DDL for Trigger TRG_HOMESTAY_ID
--------------------------------------------------------

  CREATE OR REPLACE EDITIONABLE TRIGGER "HOMESTAY"."TRG_HOMESTAY_ID" 
BEFORE INSERT ON HOMESTAY
FOR EACH ROW
BEGIN
  IF :NEW.homestayID IS NULL THEN
    :NEW.homestayID := 'HM' || TO_CHAR(homestay_seq.NEXTVAL); -- 101.. already 3 digits
  END IF;
END;

/
ALTER TRIGGER "HOMESTAY"."TRG_HOMESTAY_ID" ENABLE;
--------------------------------------------------------
--  DDL for Trigger TRG_MEMBERSHIP_ID
--------------------------------------------------------

  CREATE OR REPLACE EDITIONABLE TRIGGER "HOMESTAY"."TRG_MEMBERSHIP_ID" 
BEFORE INSERT ON MEMBERSHIP
FOR EACH ROW
BEGIN
  IF :NEW.membershipID IS NULL THEN
    :NEW.membershipID := 'MEM' || LPAD(membership_seq.NEXTVAL, 3, '0');
  END IF;
END;

/
ALTER TRIGGER "HOMESTAY"."TRG_MEMBERSHIP_ID" ENABLE;
--------------------------------------------------------
--  DDL for Trigger TRG_SERVICE_ID
--------------------------------------------------------

  CREATE OR REPLACE EDITIONABLE TRIGGER "HOMESTAY"."TRG_SERVICE_ID" 
BEFORE INSERT ON SERVICE
FOR EACH ROW
BEGIN
  IF :NEW.serviceID IS NULL THEN
    :NEW.serviceID := 'SV' || TO_CHAR(service_seq.NEXTVAL); -- 201.. already 3 digits
  END IF;
END;

/
ALTER TRIGGER "HOMESTAY"."TRG_SERVICE_ID" ENABLE;
--------------------------------------------------------
--  DDL for Trigger TRG_STAFF_ID
--------------------------------------------------------

  CREATE OR REPLACE EDITIONABLE TRIGGER "HOMESTAY"."TRG_STAFF_ID" 
BEFORE INSERT ON STAFF
FOR EACH ROW
BEGIN
  IF :NEW.staffID IS NULL THEN
    :NEW.staffID := 'STA' || LPAD(staff_seq.NEXTVAL, 2, '0');
  END IF;
END;

/
ALTER TRIGGER "HOMESTAY"."TRG_STAFF_ID" ENABLE;
--------------------------------------------------------
--  Constraints for Table BILL
--------------------------------------------------------

  ALTER TABLE "HOMESTAY"."BILL" ADD PRIMARY KEY ("BILLNO")
  USING INDEX PCTFREE 10 INITRANS 2 MAXTRANS 255 
  STORAGE(INITIAL 65536 NEXT 1048576 MINEXTENTS 1 MAXEXTENTS 2147483645
  PCTINCREASE 0 FREELISTS 1 FREELIST GROUPS 1
  BUFFER_POOL DEFAULT FLASH_CACHE DEFAULT CELL_FLASH_CACHE DEFAULT)
  TABLESPACE "USERS"  ENABLE;
--------------------------------------------------------
--  Constraints for Table BOOKING
--------------------------------------------------------

  ALTER TABLE "HOMESTAY"."BOOKING" ADD PRIMARY KEY ("BOOKINGID")
  USING INDEX PCTFREE 10 INITRANS 2 MAXTRANS 255 
  STORAGE(INITIAL 65536 NEXT 1048576 MINEXTENTS 1 MAXEXTENTS 2147483645
  PCTINCREASE 0 FREELISTS 1 FREELIST GROUPS 1
  BUFFER_POOL DEFAULT FLASH_CACHE DEFAULT CELL_FLASH_CACHE DEFAULT)
  TABLESPACE "USERS"  ENABLE;
--------------------------------------------------------
--  Constraints for Table FULL_TIME
--------------------------------------------------------

  ALTER TABLE "HOMESTAY"."FULL_TIME" ADD PRIMARY KEY ("STAFFID")
  USING INDEX PCTFREE 10 INITRANS 2 MAXTRANS 255 
  STORAGE(INITIAL 65536 NEXT 1048576 MINEXTENTS 1 MAXEXTENTS 2147483645
  PCTINCREASE 0 FREELISTS 1 FREELIST GROUPS 1
  BUFFER_POOL DEFAULT FLASH_CACHE DEFAULT CELL_FLASH_CACHE DEFAULT)
  TABLESPACE "USERS"  ENABLE;
--------------------------------------------------------
--  Constraints for Table GUEST
--------------------------------------------------------

  ALTER TABLE "HOMESTAY"."GUEST" MODIFY ("GUEST_NAME" NOT NULL ENABLE);
  ALTER TABLE "HOMESTAY"."GUEST" ADD PRIMARY KEY ("GUESTID")
  USING INDEX PCTFREE 10 INITRANS 2 MAXTRANS 255 
  STORAGE(INITIAL 65536 NEXT 1048576 MINEXTENTS 1 MAXEXTENTS 2147483645
  PCTINCREASE 0 FREELISTS 1 FREELIST GROUPS 1
  BUFFER_POOL DEFAULT FLASH_CACHE DEFAULT CELL_FLASH_CACHE DEFAULT)
  TABLESPACE "USERS"  ENABLE;
--------------------------------------------------------
--  Constraints for Table HOMESTAY
--------------------------------------------------------

  ALTER TABLE "HOMESTAY"."HOMESTAY" MODIFY ("HOMESTAY_NAME" NOT NULL ENABLE);
  ALTER TABLE "HOMESTAY"."HOMESTAY" ADD PRIMARY KEY ("HOMESTAYID")
  USING INDEX PCTFREE 10 INITRANS 2 MAXTRANS 255 
  STORAGE(INITIAL 65536 NEXT 1048576 MINEXTENTS 1 MAXEXTENTS 2147483645
  PCTINCREASE 0 FREELISTS 1 FREELIST GROUPS 1
  BUFFER_POOL DEFAULT FLASH_CACHE DEFAULT CELL_FLASH_CACHE DEFAULT)
  TABLESPACE "USERS"  ENABLE;
--------------------------------------------------------
--  Constraints for Table HOMESTAY_SERVICE
--------------------------------------------------------

  ALTER TABLE "HOMESTAY"."HOMESTAY_SERVICE" MODIFY ("HOMESTAYID" NOT NULL ENABLE);
  ALTER TABLE "HOMESTAY"."HOMESTAY_SERVICE" MODIFY ("SERVICEID" NOT NULL ENABLE);
  ALTER TABLE "HOMESTAY"."HOMESTAY_SERVICE" MODIFY ("MAIN_DATE" NOT NULL ENABLE);
  ALTER TABLE "HOMESTAY"."HOMESTAY_SERVICE" ADD CONSTRAINT "PK_HOMESTAY_SERVICE" PRIMARY KEY ("HOMESTAYID", "SERVICEID", "MAIN_DATE")
  USING INDEX PCTFREE 10 INITRANS 2 MAXTRANS 255 
  STORAGE(INITIAL 65536 NEXT 1048576 MINEXTENTS 1 MAXEXTENTS 2147483645
  PCTINCREASE 0 FREELISTS 1 FREELIST GROUPS 1
  BUFFER_POOL DEFAULT FLASH_CACHE DEFAULT CELL_FLASH_CACHE DEFAULT)
  TABLESPACE "USERS"  ENABLE;
--------------------------------------------------------
--  Constraints for Table MEMBERSHIP
--------------------------------------------------------

  ALTER TABLE "HOMESTAY"."MEMBERSHIP" ADD PRIMARY KEY ("MEMBERSHIPID")
  USING INDEX PCTFREE 10 INITRANS 2 MAXTRANS 255 
  STORAGE(INITIAL 65536 NEXT 1048576 MINEXTENTS 1 MAXEXTENTS 2147483645
  PCTINCREASE 0 FREELISTS 1 FREELIST GROUPS 1
  BUFFER_POOL DEFAULT FLASH_CACHE DEFAULT CELL_FLASH_CACHE DEFAULT)
  TABLESPACE "USERS"  ENABLE;
  ALTER TABLE "HOMESTAY"."MEMBERSHIP" ADD UNIQUE ("GUESTID")
  USING INDEX PCTFREE 10 INITRANS 2 MAXTRANS 255 
  STORAGE(INITIAL 65536 NEXT 1048576 MINEXTENTS 1 MAXEXTENTS 2147483645
  PCTINCREASE 0 FREELISTS 1 FREELIST GROUPS 1
  BUFFER_POOL DEFAULT FLASH_CACHE DEFAULT CELL_FLASH_CACHE DEFAULT)
  TABLESPACE "USERS"  ENABLE;
--------------------------------------------------------
--  Constraints for Table PART_TIME
--------------------------------------------------------

  ALTER TABLE "HOMESTAY"."PART_TIME" ADD PRIMARY KEY ("STAFFID")
  USING INDEX PCTFREE 10 INITRANS 2 MAXTRANS 255 
  STORAGE(INITIAL 65536 NEXT 1048576 MINEXTENTS 1 MAXEXTENTS 2147483645
  PCTINCREASE 0 FREELISTS 1 FREELIST GROUPS 1
  BUFFER_POOL DEFAULT FLASH_CACHE DEFAULT CELL_FLASH_CACHE DEFAULT)
  TABLESPACE "USERS"  ENABLE;
--------------------------------------------------------
--  Constraints for Table SERVICE
--------------------------------------------------------

  ALTER TABLE "HOMESTAY"."SERVICE" MODIFY ("SERVICE_TYPE" NOT NULL ENABLE);
  ALTER TABLE "HOMESTAY"."SERVICE" ADD PRIMARY KEY ("SERVICEID")
  USING INDEX PCTFREE 10 INITRANS 2 MAXTRANS 255 
  STORAGE(INITIAL 65536 NEXT 1048576 MINEXTENTS 1 MAXEXTENTS 2147483645
  PCTINCREASE 0 FREELISTS 1 FREELIST GROUPS 1
  BUFFER_POOL DEFAULT FLASH_CACHE DEFAULT CELL_FLASH_CACHE DEFAULT)
  TABLESPACE "USERS"  ENABLE;
--------------------------------------------------------
--  Constraints for Table STAFF
--------------------------------------------------------

  ALTER TABLE "HOMESTAY"."STAFF" MODIFY ("STAFF_NAME" NOT NULL ENABLE);
  ALTER TABLE "HOMESTAY"."STAFF" ADD PRIMARY KEY ("STAFFID")
  USING INDEX PCTFREE 10 INITRANS 2 MAXTRANS 255 
  STORAGE(INITIAL 65536 NEXT 1048576 MINEXTENTS 1 MAXEXTENTS 2147483645
  PCTINCREASE 0 FREELISTS 1 FREELIST GROUPS 1
  BUFFER_POOL DEFAULT FLASH_CACHE DEFAULT CELL_FLASH_CACHE DEFAULT)
  TABLESPACE "USERS"  ENABLE;
--------------------------------------------------------
--  Ref Constraints for Table BILL
--------------------------------------------------------

  ALTER TABLE "HOMESTAY"."BILL" ADD CONSTRAINT "FK_BILL_GUEST" FOREIGN KEY ("GUESTID")
	  REFERENCES "HOMESTAY"."GUEST" ("GUESTID") ENABLE;
  ALTER TABLE "HOMESTAY"."BILL" ADD CONSTRAINT "FK_BILL_STAFF" FOREIGN KEY ("STAFFID")
	  REFERENCES "HOMESTAY"."STAFF" ("STAFFID") ENABLE;
--------------------------------------------------------
--  Ref Constraints for Table BOOKING
--------------------------------------------------------

  ALTER TABLE "HOMESTAY"."BOOKING" ADD CONSTRAINT "FK_BOOKING_HOMESTAY" FOREIGN KEY ("HOMESTAYID")
	  REFERENCES "HOMESTAY"."HOMESTAY" ("HOMESTAYID") ENABLE;
  ALTER TABLE "HOMESTAY"."BOOKING" ADD CONSTRAINT "FK_BOOKING_GUEST" FOREIGN KEY ("GUESTID")
	  REFERENCES "HOMESTAY"."GUEST" ("GUESTID") ENABLE;
  ALTER TABLE "HOMESTAY"."BOOKING" ADD CONSTRAINT "FK_BOOKING_STAFF" FOREIGN KEY ("STAFFID")
	  REFERENCES "HOMESTAY"."STAFF" ("STAFFID") ENABLE;
  ALTER TABLE "HOMESTAY"."BOOKING" ADD CONSTRAINT "FK_BOOKING_BILL" FOREIGN KEY ("BILLNO")
	  REFERENCES "HOMESTAY"."BILL" ("BILLNO") ENABLE;
--------------------------------------------------------
--  Ref Constraints for Table FULL_TIME
--------------------------------------------------------

  ALTER TABLE "HOMESTAY"."FULL_TIME" ADD CONSTRAINT "FK_FULL_TIME_STAFF" FOREIGN KEY ("STAFFID")
	  REFERENCES "HOMESTAY"."STAFF" ("STAFFID") ENABLE;
--------------------------------------------------------
--  Ref Constraints for Table HOMESTAY
--------------------------------------------------------

  ALTER TABLE "HOMESTAY"."HOMESTAY" ADD CONSTRAINT "FK_HOMESTAY_STAFF" FOREIGN KEY ("STAFFID")
	  REFERENCES "HOMESTAY"."STAFF" ("STAFFID") ENABLE;
--------------------------------------------------------
--  Ref Constraints for Table HOMESTAY_SERVICE
--------------------------------------------------------

  ALTER TABLE "HOMESTAY"."HOMESTAY_SERVICE" ADD CONSTRAINT "FK_HS_HOMESTAY" FOREIGN KEY ("HOMESTAYID")
	  REFERENCES "HOMESTAY"."HOMESTAY" ("HOMESTAYID") ENABLE;
  ALTER TABLE "HOMESTAY"."HOMESTAY_SERVICE" ADD CONSTRAINT "FK_HS_SERVICE" FOREIGN KEY ("SERVICEID")
	  REFERENCES "HOMESTAY"."SERVICE" ("SERVICEID") ENABLE;
--------------------------------------------------------
--  Ref Constraints for Table MEMBERSHIP
--------------------------------------------------------

  ALTER TABLE "HOMESTAY"."MEMBERSHIP" ADD CONSTRAINT "FK_MEMBERSHIP_GUEST" FOREIGN KEY ("GUESTID")
	  REFERENCES "HOMESTAY"."GUEST" ("GUESTID") ENABLE;
--------------------------------------------------------
--  Ref Constraints for Table PART_TIME
--------------------------------------------------------

  ALTER TABLE "HOMESTAY"."PART_TIME" ADD CONSTRAINT "FK_PART_TIME_STAFF" FOREIGN KEY ("STAFFID")
	  REFERENCES "HOMESTAY"."STAFF" ("STAFFID") ENABLE;
--------------------------------------------------------
--  Ref Constraints for Table SERVICE
--------------------------------------------------------

  ALTER TABLE "HOMESTAY"."SERVICE" ADD CONSTRAINT "FK_SERVICE_STAFF" FOREIGN KEY ("STAFFID")
	  REFERENCES "HOMESTAY"."STAFF" ("STAFFID") ENABLE;
--------------------------------------------------------
--  Ref Constraints for Table STAFF
--------------------------------------------------------

  ALTER TABLE "HOMESTAY"."STAFF" ADD CONSTRAINT "FK_STAFF_MANAGER" FOREIGN KEY ("MANAGERID")
	  REFERENCES "HOMESTAY"."STAFF" ("STAFFID") ENABLE;
